sequence,label
MTSMQKVFAGYAARQAVLEASNDPFAKGIAWIEGEYVPLAEARIPLLDQGFMRSDLTYDVPSVWDGRFFRLADHLTRLEVSCDKLRLKVPLPRDEVKRILVDMVAKSGIRDAHVCLIVTRGLKGVRGTKPEDIVNRLYMFIQPYVWVMEPEMQHTGGSAIVARTVRRVPPGAIDPTIKNLQWGDLVRGMFEASDRGATYPFLTDGDAHLTEGSGFNIVLVKDGVLYTPDRGVLQGITRKSVFDAARACGIEVRLEFVPVELAYNADEIFMSTTAGGIMPITSLDGKPVNGGQVGPVTKAIWDTYWAMHYDPVYSFQIDYDGVQKSGVNGLGKL,0.531685325
MTSMQKVFAGYAARQAVLEASNDPFAKGIAWIEGEYVPLAEARIPLLDQGFMRSDLTYDVPSVWDGRFFRLCDHLTRLEVSCDKLRLKVPLPRDEVKRILVDMVAKSGIRDAHVCLIVTRGLKGVRGTKPEDIVNRLYMFIQPYVWVMEPEMQHTGGSAIVARTVRRVPPGAIDPTIKNLQWGDLVRGMFEASDRGATYPFLTDGDAHLTEGSGFNIVLVKDGVLYTPDRGVLQGITRKSVFDAARACGIEVRLEFVPVELAYNADEIFMSTTAGGIMPITSLDGKPVNGGQVGPVTKAIWDTYWAMHYDPVYSFQIDYDGVQKSGVNGLGKL,0.435008358
MTSMQKVFAGYAARQAVLEASNDPFAKGIAWIEGEYVPLAEARIPLLDQGFMRSDLTYDVPSVWDGRFFRLEDHLTRLEVSCDKLRLKVPLPRDEVKRILVDMVAKSGIRDAHVCLIVTRGLKGVRGTKPEDIVNRLYMFIQPYVWVMEPEMQHTGGSAIVARTVRRVPPGAIDPTIKNLQWGDLVRGMFEASDRGATYPFLTDGDAHLTEGSGFNIVLVKDGVLYTPDRGVLQGITRKSVFDAARACGIEVRLEFVPVELAYNADEIFMSTTAGGIMPITSLDGKPVNGGQVGPVTKAIWDTYWAMHYDPVYSFQIDYDGVQKSGVNGLGKL,0.519862216
MTSMQKVFAGYAARQAVLEASNDPFAKGIAWIEGEYVPLAEARIPLLDQGFMRSDLTYDVPSVWDGRFFRLFDHLTRLEVSCDKLRLKVPLPRDEVKRILVDMVAKSGIRDAHVCLIVTRGLKGVRGTKPEDIVNRLYMFIQPYVWVMEPEMQHTGGSAIVARTVRRVPPGAIDPTIKNLQWGDLVRGMFEASDRGATYPFLTDGDAHLTEGSGFNIVLVKDGVLYTPDRGVLQGITRKSVFDAARACGIEVRLEFVPVELAYNADEIFMSTTAGGIMPITSLDGKPVNGGQVGPVTKAIWDTYWAMHYDPVYSFQIDYDGVQKSGVNGLGKL,0.309472671
MTSMQKVFAGYAARQAVLEASNDPFAKGIAWIEGEYVPLAEARIPLLDQGFMRSDLTYDVPSVWDGRFFRLGDHLTRLEVSCDKLRLKVPLPRDEVKRILVDMVAKSGIRDAHVCLIVTRGLKGVRGTKPEDIVNRLYMFIQPYVWVMEPEMQHTGGSAIVARTVRRVPPGAIDPTIKNLQWGDLVRGMFEASDRGATYPFLTDGDAHLTEGSGFNIVLVKDGVLYTPDRGVLQGITRKSVFDAARACGIEVRLEFVPVELAYNADEIFMSTTAGGIMPITSLDGKPVNGGQVGPVTKAIWDTYWAMHYDPVYSFQIDYDGVQKSGVNGLGKL,0.398991946
MTSMQKVFAGYAARQAVLEASNDPFAKGIAWIEGEYVPLAEARIPLLDQGFMRSDLTYDVPSVWDGRFFRLHDHLTRLEVSCDKLRLKVPLPRDEVKRILVDMVAKSGIRDAHVCLIVTRGLKGVRGTKPEDIVNRLYMFIQPYVWVMEPEMQHTGGSAIVARTVRRVPPGAIDPTIKNLQWGDLVRGMFEASDRGATYPFLTDGDAHLTEGSGFNIVLVKDGVLYTPDRGVLQGITRKSVFDAARACGIEVRLEFVPVELAYNADEIFMSTTAGGIMPITSLDGKPVNGGQVGPVTKAIWDTYWAMHYDPVYSFQIDYDGVQKSGVNGLGKL,0.485248974
MTSMQKVFAGYAARQAVLEASNDPFAKGIAWIEGEYVPLAEARIPLLDQGFMRSDLTYDVPSVWDGRFFRLIDHLTRLEVSCDKLRLKVPLPRDEVKRILVDMVAKSGIRDAHVCLIVTRGLKGVRGTKPEDIVNRLYMFIQPYVWVMEPEMQHTGGSAIVARTVRRVPPGAIDPTIKNLQWGDLVRGMFEASDRGATYPFLTDGDAHLTEGSGFNIVLVKDGVLYTPDRGVLQGITRKSVFDAARACGIEVRLEFVPVELAYNADEIFMSTTAGGIMPITSLDGKPVNGGQVGPVTKAIWDTYWAMHYDPVYSFQIDYDGVQKSGVNGLGKL,0.462767844
MTSMQKVFAGYAARQAVLEASNDPFAKGIAWIEGEYVPLAEARIPLLDQGFMRSDLTYDVPSVWDGRFFRLKDHLTRLEVSCDKLRLKVPLPRDEVKRILVDMVAKSGIRDAHVCLIVTRGLKGVRGTKPEDIVNRLYMFIQPYVWVMEPEMQHTGGSAIVARTVRRVPPGAIDPTIKNLQWGDLVRGMFEASDRGATYPFLTDGDAHLTEGSGFNIVLVKDGVLYTPDRGVLQGITRKSVFDAARACGIEVRLEFVPVELAYNADEIFMSTTAGGIMPITSLDGKPVNGGQVGPVTKAIWDTYWAMHYDPVYSFQIDYDGVQKSGVNGLGKL,0.41275518
MTSMQKVFAGYAARQAVLEASNDPFAKGIAWIEGEYVPLAEARIPLLDQGFMRSDLTYDVPSVWDGRFFRLLDHLTRLEVSCDKLRLKVPLPRDEVKRILVDMVAKSGIRDAHVCLIVTRGLKGVRGTKPEDIVNRLYMFIQPYVWVMEPEMQHTGGSAIVARTVRRVPPGAIDPTIKNLQWGDLVRGMFEASDRGATYPFLTDGDAHLTEGSGFNIVLVKDGVLYTPDRGVLQGITRKSVFDAARACGIEVRLEFVPVELAYNADEIFMSTTAGGIMPITSLDGKPVNGGQVGPVTKAIWDTYWAMHYDPVYSFQIDYDGVQKSGVNGLGKL,0.315343701
MTSMQKVFAGYAARQAVLEASNDPFAKGIAWIEGEYVPLAEARIPLLDQGFMRSDLTYDVPSVWDGRFFRLMDHLTRLEVSCDKLRLKVPLPRDEVKRILVDMVAKSGIRDAHVCLIVTRGLKGVRGTKPEDIVNRLYMFIQPYVWVMEPEMQHTGGSAIVARTVRRVPPGAIDPTIKNLQWGDLVRGMFEASDRGATYPFLTDGDAHLTEGSGFNIVLVKDGVLYTPDRGVLQGITRKSVFDAARACGIEVRLEFVPVELAYNADEIFMSTTAGGIMPITSLDGKPVNGGQVGPVTKAIWDTYWAMHYDPVYSFQIDYDGVQKSGVNGLGKL,0.44093511
MTSMQKVFAGYAARQAVLEASNDPFAKGIAWIEGEYVPLAEARIPLLDQGFMRSDLTYDVPSVWDGRFFRLNDHLTRLEVSCDKLRLKVPLPRDEVKRILVDMVAKSGIRDAHVCLIVTRGLKGVRGTKPEDIVNRLYMFIQPYVWVMEPEMQHTGGSAIVARTVRRVPPGAIDPTIKNLQWGDLVRGMFEASDRGATYPFLTDGDAHLTEGSGFNIVLVKDGVLYTPDRGVLQGITRKSVFDAARACGIEVRLEFVPVELAYNADEIFMSTTAGGIMPITSLDGKPVNGGQVGPVTKAIWDTYWAMHYDPVYSFQIDYDGVQKSGVNGLGKL,0.53387873
MTSMQKVFAGYAARQAVLEASNDPFAKGIAWIEGEYVPLAEARIPLLDQGFMRSDLTYDVPSVWDGRFFRLPDHLTRLEVSCDKLRLKVPLPRDEVKRILVDMVAKSGIRDAHVCLIVTRGLKGVRGTKPEDIVNRLYMFIQPYVWVMEPEMQHTGGSAIVARTVRRVPPGAIDPTIKNLQWGDLVRGMFEASDRGATYPFLTDGDAHLTEGSGFNIVLVKDGVLYTPDRGVLQGITRKSVFDAARACGIEVRLEFVPVELAYNADEIFMSTTAGGIMPITSLDGKPVNGGQVGPVTKAIWDTYWAMHYDPVYSFQIDYDGVQKSGVNGLGKL,0.364095031
MTSMQKVFAGYAARQAVLEASNDPFAKGIAWIEGEYVPLAEARIPLLDQGFMRSDLTYDVPSVWDGRFFRLQDHLTRLEVSCDKLRLKVPLPRDEVKRILVDMVAKSGIRDAHVCLIVTRGLKGVRGTKPEDIVNRLYMFIQPYVWVMEPEMQHTGGSAIVARTVRRVPPGAIDPTIKNLQWGDLVRGMFEASDRGATYPFLTDGDAHLTEGSGFNIVLVKDGVLYTPDRGVLQGITRKSVFDAARACGIEVRLEFVPVELAYNADEIFMSTTAGGIMPITSLDGKPVNGGQVGPVTKAIWDTYWAMHYDPVYSFQIDYDGVQKSGVNGLGKL,0.443619877
MTSMQKVFAGYAARQAVLEASNDPFAKGIAWIEGEYVPLAEARIPLLDQGFMRSDLTYDVPSVWDGRFFRLRDHLTRLEVSCDKLRLKVPLPRDEVKRILVDMVAKSGIRDAHVCLIVTRGLKGVRGTKPEDIVNRLYMFIQPYVWVMEPEMQHTGGSAIVARTVRRVPPGAIDPTIKNLQWGDLVRGMFEASDRGATYPFLTDGDAHLTEGSGFNIVLVKDGVLYTPDRGVLQGITRKSVFDAARACGIEVRLEFVPVELAYNADEIFMSTTAGGIMPITSLDGKPVNGGQVGPVTKAIWDTYWAMHYDPVYSFQIDYDGVQKSGVNGLGKL,0.347809128
MTSMQKVFAGYAARQAVLEASNDPFAKGIAWIEGEYVPLAEARIPLLDQGFMRSDLTYDVPSVWDGRFFRLSDHLTRLEVSCDKLRLKVPLPRDEVKRILVDMVAKSGIRDAHVCLIVTRGLKGVRGTKPEDIVNRLYMFIQPYVWVMEPEMQHTGGSAIVARTVRRVPPGAIDPTIKNLQWGDLVRGMFEASDRGATYPFLTDGDAHLTEGSGFNIVLVKDGVLYTPDRGVLQGITRKSVFDAARACGIEVRLEFVPVELAYNADEIFMSTTAGGIMPITSLDGKPVNGGQVGPVTKAIWDTYWAMHYDPVYSFQIDYDGVQKSGVNGLGKL,0.470923459
MTSMQKVFAGYAARQAVLEASNDPFAKGIAWIEGEYVPLAEARIPLLDQGFMRSDLTYDVPSVWDGRFFRLTDHLTRLEVSCDKLRLKVPLPRDEVKRILVDMVAKSGIRDAHVCLIVTRGLKGVRGTKPEDIVNRLYMFIQPYVWVMEPEMQHTGGSAIVARTVRRVPPGAIDPTIKNLQWGDLVRGMFEASDRGATYPFLTDGDAHLTEGSGFNIVLVKDGVLYTPDRGVLQGITRKSVFDAARACGIEVRLEFVPVELAYNADEIFMSTTAGGIMPITSLDGKPVNGGQVGPVTKAIWDTYWAMHYDPVYSFQIDYDGVQKSGVNGLGKL,0.473106732
MTSMQKVFAGYAARQAVLEASNDPFAKGIAWIEGEYVPLAEARIPLLDQGFMRSDLTYDVPSVWDGRFFRLVDHLTRLEVSCDKLRLKVPLPRDEVKRILVDMVAKSGIRDAHVCLIVTRGLKGVRGTKPEDIVNRLYMFIQPYVWVMEPEMQHTGGSAIVARTVRRVPPGAIDPTIKNLQWGDLVRGMFEASDRGATYPFLTDGDAHLTEGSGFNIVLVKDGVLYTPDRGVLQGITRKSVFDAARACGIEVRLEFVPVELAYNADEIFMSTTAGGIMPITSLDGKPVNGGQVGPVTKAIWDTYWAMHYDPVYSFQIDYDGVQKSGVNGLGKL,0.422663492
MTSMQKVFAGYAARQAVLEASNDPFAKGIAWIEGEYVPLAEARIPLLDQGFMRSDLTYDVPSVWDGRFFRLWDHLTRLEVSCDKLRLKVPLPRDEVKRILVDMVAKSGIRDAHVCLIVTRGLKGVRGTKPEDIVNRLYMFIQPYVWVMEPEMQHTGGSAIVARTVRRVPPGAIDPTIKNLQWGDLVRGMFEASDRGATYPFLTDGDAHLTEGSGFNIVLVKDGVLYTPDRGVLQGITRKSVFDAARACGIEVRLEFVPVELAYNADEIFMSTTAGGIMPITSLDGKPVNGGQVGPVTKAIWDTYWAMHYDPVYSFQIDYDGVQKSGVNGLGKL,0.338594803
MTSMQKVFAGYAARQAVLEASNDPFAKGIAWIEGEYVPLAEARIPLLDQGFMRSDLTYDVPSVWDGRFFRLYDHLTRLEVSCDKLRLKVPLPRDEVKRILVDMVAKSGIRDAHVCLIVTRGLKGVRGTKPEDIVNRLYMFIQPYVWVMEPEMQHTGGSAIVARTVRRVPPGAIDPTIKNLQWGDLVRGMFEASDRGATYPFLTDGDAHLTEGSGFNIVLVKDGVLYTPDRGVLQGITRKSVFDAARACGIEVRLEFVPVELAYNADEIFMSTTAGGIMPITSLDGKPVNGGQVGPVTKAIWDTYWAMHYDPVYSFQIDYDGVQKSGVNGLGKL,0.36252976
MTSMQKVFAGYAARQAVLEASNDPFAKGIAWIEGEYVPLAEARIPLLDQGFMRSDLTYDVPSVWDGRFFRLDDHLTRLEVSCDKLRLKVPLPRDEVKRILVDMVAKSGIRDAAVCLIVTRGLKGVRGTKPEDIVNRLYMFIQPYVWVMEPEMQHTGGSAIVARTVRRVPPGAIDPTIKNLQWGDLVRGMFEASDRGATYPFLTDGDAHLTEGSGFNIVLVKDGVLYTPDRGVLQGITRKSVFDAARACGIEVRLEFVPVELAYNADEIFMSTTAGGIMPITSLDGKPVNGGQVGPVTKAIWDTYWAMHYDPVYSFQIDYDGVQKSGVNGLGKL,0.585476926
MTSMQKVFAGYAARQAVLEASNDPFAKGIAWIEGEYVPLAEARIPLLDQGFMRSDLTYDVPSVWDGRFFRLDDHLTRLEVSCDKLRLKVPLPRDEVKRILVDMVAKSGIRDACVCLIVTRGLKGVRGTKPEDIVNRLYMFIQPYVWVMEPEMQHTGGSAIVARTVRRVPPGAIDPTIKNLQWGDLVRGMFEASDRGATYPFLTDGDAHLTEGSGFNIVLVKDGVLYTPDRGVLQGITRKSVFDAARACGIEVRLEFVPVELAYNADEIFMSTTAGGIMPITSLDGKPVNGGQVGPVTKAIWDTYWAMHYDPVYSFQIDYDGVQKSGVNGLGKL,0.473608227
MTSMQKVFAGYAARQAVLEASNDPFAKGIAWIEGEYVPLAEARIPLLDQGFMRSDLTYDVPSVWDGRFFRLDDHLTRLEVSCDKLRLKVPLPRDEVKRILVDMVAKSGIRDADVCLIVTRGLKGVRGTKPEDIVNRLYMFIQPYVWVMEPEMQHTGGSAIVARTVRRVPPGAIDPTIKNLQWGDLVRGMFEASDRGATYPFLTDGDAHLTEGSGFNIVLVKDGVLYTPDRGVLQGITRKSVFDAARACGIEVRLEFVPVELAYNADEIFMSTTAGGIMPITSLDGKPVNGGQVGPVTKAIWDTYWAMHYDPVYSFQIDYDGVQKSGVNGLGKL,0.211220303
MTSMQKVFAGYAARQAVLEASNDPFAKGIAWIEGEYVPLAEARIPLLDQGFMRSDLTYDVPSVWDGRFFRLDDHLTRLEVSCDKLRLKVPLPRDEVKRILVDMVAKSGIRDAEVCLIVTRGLKGVRGTKPEDIVNRLYMFIQPYVWVMEPEMQHTGGSAIVARTVRRVPPGAIDPTIKNLQWGDLVRGMFEASDRGATYPFLTDGDAHLTEGSGFNIVLVKDGVLYTPDRGVLQGITRKSVFDAARACGIEVRLEFVPVELAYNADEIFMSTTAGGIMPITSLDGKPVNGGQVGPVTKAIWDTYWAMHYDPVYSFQIDYDGVQKSGVNGLGKL,0.074418722
MTSMQKVFAGYAARQAVLEASNDPFAKGIAWIEGEYVPLAEARIPLLDQGFMRSDLTYDVPSVWDGRFFRLDDHLTRLEVSCDKLRLKVPLPRDEVKRILVDMVAKSGIRDAFVCLIVTRGLKGVRGTKPEDIVNRLYMFIQPYVWVMEPEMQHTGGSAIVARTVRRVPPGAIDPTIKNLQWGDLVRGMFEASDRGATYPFLTDGDAHLTEGSGFNIVLVKDGVLYTPDRGVLQGITRKSVFDAARACGIEVRLEFVPVELAYNADEIFMSTTAGGIMPITSLDGKPVNGGQVGPVTKAIWDTYWAMHYDPVYSFQIDYDGVQKSGVNGLGKL,1
MTSMQKVFAGYAARQAVLEASNDPFAKGIAWIEGEYVPLAEARIPLLDQGFMRSDLTYDVPSVWDGRFFRLDDHLTRLEVSCDKLRLKVPLPRDEVKRILVDMVAKSGIRDAGVCLIVTRGLKGVRGTKPEDIVNRLYMFIQPYVWVMEPEMQHTGGSAIVARTVRRVPPGAIDPTIKNLQWGDLVRGMFEASDRGATYPFLTDGDAHLTEGSGFNIVLVKDGVLYTPDRGVLQGITRKSVFDAARACGIEVRLEFVPVELAYNADEIFMSTTAGGIMPITSLDGKPVNGGQVGPVTKAIWDTYWAMHYDPVYSFQIDYDGVQKSGVNGLGKL,0.294483562
MTSMQKVFAGYAARQAVLEASNDPFAKGIAWIEGEYVPLAEARIPLLDQGFMRSDLTYDVPSVWDGRFFRLDDHLTRLEVSCDKLRLKVPLPRDEVKRILVDMVAKSGIRDAIVCLIVTRGLKGVRGTKPEDIVNRLYMFIQPYVWVMEPEMQHTGGSAIVARTVRRVPPGAIDPTIKNLQWGDLVRGMFEASDRGATYPFLTDGDAHLTEGSGFNIVLVKDGVLYTPDRGVLQGITRKSVFDAARACGIEVRLEFVPVELAYNADEIFMSTTAGGIMPITSLDGKPVNGGQVGPVTKAIWDTYWAMHYDPVYSFQIDYDGVQKSGVNGLGKL,0.248589231
MTSMQKVFAGYAARQAVLEASNDPFAKGIAWIEGEYVPLAEARIPLLDQGFMRSDLTYDVPSVWDGRFFRLDDHLTRLEVSCDKLRLKVPLPRDEVKRILVDMVAKSGIRDAKVCLIVTRGLKGVRGTKPEDIVNRLYMFIQPYVWVMEPEMQHTGGSAIVARTVRRVPPGAIDPTIKNLQWGDLVRGMFEASDRGATYPFLTDGDAHLTEGSGFNIVLVKDGVLYTPDRGVLQGITRKSVFDAARACGIEVRLEFVPVELAYNADEIFMSTTAGGIMPITSLDGKPVNGGQVGPVTKAIWDTYWAMHYDPVYSFQIDYDGVQKSGVNGLGKL,0.2037992
MTSMQKVFAGYAARQAVLEASNDPFAKGIAWIEGEYVPLAEARIPLLDQGFMRSDLTYDVPSVWDGRFFRLDDHLTRLEVSCDKLRLKVPLPRDEVKRILVDMVAKSGIRDALVCLIVTRGLKGVRGTKPEDIVNRLYMFIQPYVWVMEPEMQHTGGSAIVARTVRRVPPGAIDPTIKNLQWGDLVRGMFEASDRGATYPFLTDGDAHLTEGSGFNIVLVKDGVLYTPDRGVLQGITRKSVFDAARACGIEVRLEFVPVELAYNADEIFMSTTAGGIMPITSLDGKPVNGGQVGPVTKAIWDTYWAMHYDPVYSFQIDYDGVQKSGVNGLGKL,0.361780052
MTSMQKVFAGYAARQAVLEASNDPFAKGIAWIEGEYVPLAEARIPLLDQGFMRSDLTYDVPSVWDGRFFRLDDHLTRLEVSCDKLRLKVPLPRDEVKRILVDMVAKSGIRDAMVCLIVTRGLKGVRGTKPEDIVNRLYMFIQPYVWVMEPEMQHTGGSAIVARTVRRVPPGAIDPTIKNLQWGDLVRGMFEASDRGATYPFLTDGDAHLTEGSGFNIVLVKDGVLYTPDRGVLQGITRKSVFDAARACGIEVRLEFVPVELAYNADEIFMSTTAGGIMPITSLDGKPVNGGQVGPVTKAIWDTYWAMHYDPVYSFQIDYDGVQKSGVNGLGKL,0.434359962
MTSMQKVFAGYAARQAVLEASNDPFAKGIAWIEGEYVPLAEARIPLLDQGFMRSDLTYDVPSVWDGRFFRLDDHLTRLEVSCDKLRLKVPLPRDEVKRILVDMVAKSGIRDANVCLIVTRGLKGVRGTKPEDIVNRLYMFIQPYVWVMEPEMQHTGGSAIVARTVRRVPPGAIDPTIKNLQWGDLVRGMFEASDRGATYPFLTDGDAHLTEGSGFNIVLVKDGVLYTPDRGVLQGITRKSVFDAARACGIEVRLEFVPVELAYNADEIFMSTTAGGIMPITSLDGKPVNGGQVGPVTKAIWDTYWAMHYDPVYSFQIDYDGVQKSGVNGLGKL,0.381024264
MTSMQKVFAGYAARQAVLEASNDPFAKGIAWIEGEYVPLAEARIPLLDQGFMRSDLTYDVPSVWDGRFFRLDDHLTRLEVSCDKLRLKVPLPRDEVKRILVDMVAKSGIRDAPVCLIVTRGLKGVRGTKPEDIVNRLYMFIQPYVWVMEPEMQHTGGSAIVARTVRRVPPGAIDPTIKNLQWGDLVRGMFEASDRGATYPFLTDGDAHLTEGSGFNIVLVKDGVLYTPDRGVLQGITRKSVFDAARACGIEVRLEFVPVELAYNADEIFMSTTAGGIMPITSLDGKPVNGGQVGPVTKAIWDTYWAMHYDPVYSFQIDYDGVQKSGVNGLGKL,0.047697685
MTSMQKVFAGYAARQAVLEASNDPFAKGIAWIEGEYVPLAEARIPLLDQGFMRSDLTYDVPSVWDGRFFRLDDHLTRLEVSCDKLRLKVPLPRDEVKRILVDMVAKSGIRDAQVCLIVTRGLKGVRGTKPEDIVNRLYMFIQPYVWVMEPEMQHTGGSAIVARTVRRVPPGAIDPTIKNLQWGDLVRGMFEASDRGATYPFLTDGDAHLTEGSGFNIVLVKDGVLYTPDRGVLQGITRKSVFDAARACGIEVRLEFVPVELAYNADEIFMSTTAGGIMPITSLDGKPVNGGQVGPVTKAIWDTYWAMHYDPVYSFQIDYDGVQKSGVNGLGKL,0.352737957
MTSMQKVFAGYAARQAVLEASNDPFAKGIAWIEGEYVPLAEARIPLLDQGFMRSDLTYDVPSVWDGRFFRLDDHLTRLEVSCDKLRLKVPLPRDEVKRILVDMVAKSGIRDARVCLIVTRGLKGVRGTKPEDIVNRLYMFIQPYVWVMEPEMQHTGGSAIVARTVRRVPPGAIDPTIKNLQWGDLVRGMFEASDRGATYPFLTDGDAHLTEGSGFNIVLVKDGVLYTPDRGVLQGITRKSVFDAARACGIEVRLEFVPVELAYNADEIFMSTTAGGIMPITSLDGKPVNGGQVGPVTKAIWDTYWAMHYDPVYSFQIDYDGVQKSGVNGLGKL,0.051714705
MTSMQKVFAGYAARQAVLEASNDPFAKGIAWIEGEYVPLAEARIPLLDQGFMRSDLTYDVPSVWDGRFFRLDDHLTRLEVSCDKLRLKVPLPRDEVKRILVDMVAKSGIRDASVCLIVTRGLKGVRGTKPEDIVNRLYMFIQPYVWVMEPEMQHTGGSAIVARTVRRVPPGAIDPTIKNLQWGDLVRGMFEASDRGATYPFLTDGDAHLTEGSGFNIVLVKDGVLYTPDRGVLQGITRKSVFDAARACGIEVRLEFVPVELAYNADEIFMSTTAGGIMPITSLDGKPVNGGQVGPVTKAIWDTYWAMHYDPVYSFQIDYDGVQKSGVNGLGKL,0.448594296
MTSMQKVFAGYAARQAVLEASNDPFAKGIAWIEGEYVPLAEARIPLLDQGFMRSDLTYDVPSVWDGRFFRLDDHLTRLEVSCDKLRLKVPLPRDEVKRILVDMVAKSGIRDATVCLIVTRGLKGVRGTKPEDIVNRLYMFIQPYVWVMEPEMQHTGGSAIVARTVRRVPPGAIDPTIKNLQWGDLVRGMFEASDRGATYPFLTDGDAHLTEGSGFNIVLVKDGVLYTPDRGVLQGITRKSVFDAARACGIEVRLEFVPVELAYNADEIFMSTTAGGIMPITSLDGKPVNGGQVGPVTKAIWDTYWAMHYDPVYSFQIDYDGVQKSGVNGLGKL,0.463563143
MTSMQKVFAGYAARQAVLEASNDPFAKGIAWIEGEYVPLAEARIPLLDQGFMRSDLTYDVPSVWDGRFFRLDDHLTRLEVSCDKLRLKVPLPRDEVKRILVDMVAKSGIRDAVVCLIVTRGLKGVRGTKPEDIVNRLYMFIQPYVWVMEPEMQHTGGSAIVARTVRRVPPGAIDPTIKNLQWGDLVRGMFEASDRGATYPFLTDGDAHLTEGSGFNIVLVKDGVLYTPDRGVLQGITRKSVFDAARACGIEVRLEFVPVELAYNADEIFMSTTAGGIMPITSLDGKPVNGGQVGPVTKAIWDTYWAMHYDPVYSFQIDYDGVQKSGVNGLGKL,0.398120663
MTSMQKVFAGYAARQAVLEASNDPFAKGIAWIEGEYVPLAEARIPLLDQGFMRSDLTYDVPSVWDGRFFRLDDHLTRLEVSCDKLRLKVPLPRDEVKRILVDMVAKSGIRDAWVCLIVTRGLKGVRGTKPEDIVNRLYMFIQPYVWVMEPEMQHTGGSAIVARTVRRVPPGAIDPTIKNLQWGDLVRGMFEASDRGATYPFLTDGDAHLTEGSGFNIVLVKDGVLYTPDRGVLQGITRKSVFDAARACGIEVRLEFVPVELAYNADEIFMSTTAGGIMPITSLDGKPVNGGQVGPVTKAIWDTYWAMHYDPVYSFQIDYDGVQKSGVNGLGKL,0.219553214
MTSMQKVFAGYAARQAVLEASNDPFAKGIAWIEGEYVPLAEARIPLLDQGFMRSDLTYDVPSVWDGRFFRLDDHLTRLEVSCDKLRLKVPLPRDEVKRILVDMVAKSGIRDAYVCLIVTRGLKGVRGTKPEDIVNRLYMFIQPYVWVMEPEMQHTGGSAIVARTVRRVPPGAIDPTIKNLQWGDLVRGMFEASDRGATYPFLTDGDAHLTEGSGFNIVLVKDGVLYTPDRGVLQGITRKSVFDAARACGIEVRLEFVPVELAYNADEIFMSTTAGGIMPITSLDGKPVNGGQVGPVTKAIWDTYWAMHYDPVYSFQIDYDGVQKSGVNGLGKL,0.172113875
MTSMQKVFAGYAARQAVLEASNDPFAKGIAWIEGEYVPLAEARIPLLDQGFMRSDLTYDVPSVWDGRFFRLDDHLTRLEVSCDKLRLKVPLPRDEVKRILVDMVAKSGIRDAHVALIVTRGLKGVRGTKPEDIVNRLYMFIQPYVWVMEPEMQHTGGSAIVARTVRRVPPGAIDPTIKNLQWGDLVRGMFEASDRGATYPFLTDGDAHLTEGSGFNIVLVKDGVLYTPDRGVLQGITRKSVFDAARACGIEVRLEFVPVELAYNADEIFMSTTAGGIMPITSLDGKPVNGGQVGPVTKAIWDTYWAMHYDPVYSFQIDYDGVQKSGVNGLGKL,0.026320855
MTSMQKVFAGYAARQAVLEASNDPFAKGIAWIEGEYVPLAEARIPLLDQGFMRSDLTYDVPSVWDGRFFRLDDHLTRLEVSCDKLRLKVPLPRDEVKRILVDMVAKSGIRDAHVDLIVTRGLKGVRGTKPEDIVNRLYMFIQPYVWVMEPEMQHTGGSAIVARTVRRVPPGAIDPTIKNLQWGDLVRGMFEASDRGATYPFLTDGDAHLTEGSGFNIVLVKDGVLYTPDRGVLQGITRKSVFDAARACGIEVRLEFVPVELAYNADEIFMSTTAGGIMPITSLDGKPVNGGQVGPVTKAIWDTYWAMHYDPVYSFQIDYDGVQKSGVNGLGKL,0.069849552
MTSMQKVFAGYAARQAVLEASNDPFAKGIAWIEGEYVPLAEARIPLLDQGFMRSDLTYDVPSVWDGRFFRLDDHLTRLEVSCDKLRLKVPLPRDEVKRILVDMVAKSGIRDAHVELIVTRGLKGVRGTKPEDIVNRLYMFIQPYVWVMEPEMQHTGGSAIVARTVRRVPPGAIDPTIKNLQWGDLVRGMFEASDRGATYPFLTDGDAHLTEGSGFNIVLVKDGVLYTPDRGVLQGITRKSVFDAARACGIEVRLEFVPVELAYNADEIFMSTTAGGIMPITSLDGKPVNGGQVGPVTKAIWDTYWAMHYDPVYSFQIDYDGVQKSGVNGLGKL,0.024228762
MTSMQKVFAGYAARQAVLEASNDPFAKGIAWIEGEYVPLAEARIPLLDQGFMRSDLTYDVPSVWDGRFFRLDDHLTRLEVSCDKLRLKVPLPRDEVKRILVDMVAKSGIRDAHVFLIVTRGLKGVRGTKPEDIVNRLYMFIQPYVWVMEPEMQHTGGSAIVARTVRRVPPGAIDPTIKNLQWGDLVRGMFEASDRGATYPFLTDGDAHLTEGSGFNIVLVKDGVLYTPDRGVLQGITRKSVFDAARACGIEVRLEFVPVELAYNADEIFMSTTAGGIMPITSLDGKPVNGGQVGPVTKAIWDTYWAMHYDPVYSFQIDYDGVQKSGVNGLGKL,0.602264323
MTSMQKVFAGYAARQAVLEASNDPFAKGIAWIEGEYVPLAEARIPLLDQGFMRSDLTYDVPSVWDGRFFRLDDHLTRLEVSCDKLRLKVPLPRDEVKRILVDMVAKSGIRDAHVGLIVTRGLKGVRGTKPEDIVNRLYMFIQPYVWVMEPEMQHTGGSAIVARTVRRVPPGAIDPTIKNLQWGDLVRGMFEASDRGATYPFLTDGDAHLTEGSGFNIVLVKDGVLYTPDRGVLQGITRKSVFDAARACGIEVRLEFVPVELAYNADEIFMSTTAGGIMPITSLDGKPVNGGQVGPVTKAIWDTYWAMHYDPVYSFQIDYDGVQKSGVNGLGKL,0.51267413
MTSMQKVFAGYAARQAVLEASNDPFAKGIAWIEGEYVPLAEARIPLLDQGFMRSDLTYDVPSVWDGRFFRLDDHLTRLEVSCDKLRLKVPLPRDEVKRILVDMVAKSGIRDAHVHLIVTRGLKGVRGTKPEDIVNRLYMFIQPYVWVMEPEMQHTGGSAIVARTVRRVPPGAIDPTIKNLQWGDLVRGMFEASDRGATYPFLTDGDAHLTEGSGFNIVLVKDGVLYTPDRGVLQGITRKSVFDAARACGIEVRLEFVPVELAYNADEIFMSTTAGGIMPITSLDGKPVNGGQVGPVTKAIWDTYWAMHYDPVYSFQIDYDGVQKSGVNGLGKL,0.234111747
MTSMQKVFAGYAARQAVLEASNDPFAKGIAWIEGEYVPLAEARIPLLDQGFMRSDLTYDVPSVWDGRFFRLDDHLTRLEVSCDKLRLKVPLPRDEVKRILVDMVAKSGIRDAHVILIVTRGLKGVRGTKPEDIVNRLYMFIQPYVWVMEPEMQHTGGSAIVARTVRRVPPGAIDPTIKNLQWGDLVRGMFEASDRGATYPFLTDGDAHLTEGSGFNIVLVKDGVLYTPDRGVLQGITRKSVFDAARACGIEVRLEFVPVELAYNADEIFMSTTAGGIMPITSLDGKPVNGGQVGPVTKAIWDTYWAMHYDPVYSFQIDYDGVQKSGVNGLGKL,0.367808115
MTSMQKVFAGYAARQAVLEASNDPFAKGIAWIEGEYVPLAEARIPLLDQGFMRSDLTYDVPSVWDGRFFRLDDHLTRLEVSCDKLRLKVPLPRDEVKRILVDMVAKSGIRDAHVKLIVTRGLKGVRGTKPEDIVNRLYMFIQPYVWVMEPEMQHTGGSAIVARTVRRVPPGAIDPTIKNLQWGDLVRGMFEASDRGATYPFLTDGDAHLTEGSGFNIVLVKDGVLYTPDRGVLQGITRKSVFDAARACGIEVRLEFVPVELAYNADEIFMSTTAGGIMPITSLDGKPVNGGQVGPVTKAIWDTYWAMHYDPVYSFQIDYDGVQKSGVNGLGKL,0.078602908
MTSMQKVFAGYAARQAVLEASNDPFAKGIAWIEGEYVPLAEARIPLLDQGFMRSDLTYDVPSVWDGRFFRLDDHLTRLEVSCDKLRLKVPLPRDEVKRILVDMVAKSGIRDAHVLLIVTRGLKGVRGTKPEDIVNRLYMFIQPYVWVMEPEMQHTGGSAIVARTVRRVPPGAIDPTIKNLQWGDLVRGMFEASDRGATYPFLTDGDAHLTEGSGFNIVLVKDGVLYTPDRGVLQGITRKSVFDAARACGIEVRLEFVPVELAYNADEIFMSTTAGGIMPITSLDGKPVNGGQVGPVTKAIWDTYWAMHYDPVYSFQIDYDGVQKSGVNGLGKL,0.077939314
MTSMQKVFAGYAARQAVLEASNDPFAKGIAWIEGEYVPLAEARIPLLDQGFMRSDLTYDVPSVWDGRFFRLDDHLTRLEVSCDKLRLKVPLPRDEVKRILVDMVAKSGIRDAHVMLIVTRGLKGVRGTKPEDIVNRLYMFIQPYVWVMEPEMQHTGGSAIVARTVRRVPPGAIDPTIKNLQWGDLVRGMFEASDRGATYPFLTDGDAHLTEGSGFNIVLVKDGVLYTPDRGVLQGITRKSVFDAARACGIEVRLEFVPVELAYNADEIFMSTTAGGIMPITSLDGKPVNGGQVGPVTKAIWDTYWAMHYDPVYSFQIDYDGVQKSGVNGLGKL,0.378456005
MTSMQKVFAGYAARQAVLEASNDPFAKGIAWIEGEYVPLAEARIPLLDQGFMRSDLTYDVPSVWDGRFFRLDDHLTRLEVSCDKLRLKVPLPRDEVKRILVDMVAKSGIRDAHVNLIVTRGLKGVRGTKPEDIVNRLYMFIQPYVWVMEPEMQHTGGSAIVARTVRRVPPGAIDPTIKNLQWGDLVRGMFEASDRGATYPFLTDGDAHLTEGSGFNIVLVKDGVLYTPDRGVLQGITRKSVFDAARACGIEVRLEFVPVELAYNADEIFMSTTAGGIMPITSLDGKPVNGGQVGPVTKAIWDTYWAMHYDPVYSFQIDYDGVQKSGVNGLGKL,0.143189301
MTSMQKVFAGYAARQAVLEASNDPFAKGIAWIEGEYVPLAEARIPLLDQGFMRSDLTYDVPSVWDGRFFRLDDHLTRLEVSCDKLRLKVPLPRDEVKRILVDMVAKSGIRDAHVPLIVTRGLKGVRGTKPEDIVNRLYMFIQPYVWVMEPEMQHTGGSAIVARTVRRVPPGAIDPTIKNLQWGDLVRGMFEASDRGATYPFLTDGDAHLTEGSGFNIVLVKDGVLYTPDRGVLQGITRKSVFDAARACGIEVRLEFVPVELAYNADEIFMSTTAGGIMPITSLDGKPVNGGQVGPVTKAIWDTYWAMHYDPVYSFQIDYDGVQKSGVNGLGKL,0.108272124
MTSMQKVFAGYAARQAVLEASNDPFAKGIAWIEGEYVPLAEARIPLLDQGFMRSDLTYDVPSVWDGRFFRLDDHLTRLEVSCDKLRLKVPLPRDEVKRILVDMVAKSGIRDAHVQLIVTRGLKGVRGTKPEDIVNRLYMFIQPYVWVMEPEMQHTGGSAIVARTVRRVPPGAIDPTIKNLQWGDLVRGMFEASDRGATYPFLTDGDAHLTEGSGFNIVLVKDGVLYTPDRGVLQGITRKSVFDAARACGIEVRLEFVPVELAYNADEIFMSTTAGGIMPITSLDGKPVNGGQVGPVTKAIWDTYWAMHYDPVYSFQIDYDGVQKSGVNGLGKL,0.104219644
MTSMQKVFAGYAARQAVLEASNDPFAKGIAWIEGEYVPLAEARIPLLDQGFMRSDLTYDVPSVWDGRFFRLDDHLTRLEVSCDKLRLKVPLPRDEVKRILVDMVAKSGIRDAHVRLIVTRGLKGVRGTKPEDIVNRLYMFIQPYVWVMEPEMQHTGGSAIVARTVRRVPPGAIDPTIKNLQWGDLVRGMFEASDRGATYPFLTDGDAHLTEGSGFNIVLVKDGVLYTPDRGVLQGITRKSVFDAARACGIEVRLEFVPVELAYNADEIFMSTTAGGIMPITSLDGKPVNGGQVGPVTKAIWDTYWAMHYDPVYSFQIDYDGVQKSGVNGLGKL,0.030991338
MTSMQKVFAGYAARQAVLEASNDPFAKGIAWIEGEYVPLAEARIPLLDQGFMRSDLTYDVPSVWDGRFFRLDDHLTRLEVSCDKLRLKVPLPRDEVKRILVDMVAKSGIRDAHVSLIVTRGLKGVRGTKPEDIVNRLYMFIQPYVWVMEPEMQHTGGSAIVARTVRRVPPGAIDPTIKNLQWGDLVRGMFEASDRGATYPFLTDGDAHLTEGSGFNIVLVKDGVLYTPDRGVLQGITRKSVFDAARACGIEVRLEFVPVELAYNADEIFMSTTAGGIMPITSLDGKPVNGGQVGPVTKAIWDTYWAMHYDPVYSFQIDYDGVQKSGVNGLGKL,0.386788916
MTSMQKVFAGYAARQAVLEASNDPFAKGIAWIEGEYVPLAEARIPLLDQGFMRSDLTYDVPSVWDGRFFRLDDHLTRLEVSCDKLRLKVPLPRDEVKRILVDMVAKSGIRDAHVTLIVTRGLKGVRGTKPEDIVNRLYMFIQPYVWVMEPEMQHTGGSAIVARTVRRVPPGAIDPTIKNLQWGDLVRGMFEASDRGATYPFLTDGDAHLTEGSGFNIVLVKDGVLYTPDRGVLQGITRKSVFDAARACGIEVRLEFVPVELAYNADEIFMSTTAGGIMPITSLDGKPVNGGQVGPVTKAIWDTYWAMHYDPVYSFQIDYDGVQKSGVNGLGKL,0.454987083
MTSMQKVFAGYAARQAVLEASNDPFAKGIAWIEGEYVPLAEARIPLLDQGFMRSDLTYDVPSVWDGRFFRLDDHLTRLEVSCDKLRLKVPLPRDEVKRILVDMVAKSGIRDAHVVLIVTRGLKGVRGTKPEDIVNRLYMFIQPYVWVMEPEMQHTGGSAIVARTVRRVPPGAIDPTIKNLQWGDLVRGMFEASDRGATYPFLTDGDAHLTEGSGFNIVLVKDGVLYTPDRGVLQGITRKSVFDAARACGIEVRLEFVPVELAYNADEIFMSTTAGGIMPITSLDGKPVNGGQVGPVTKAIWDTYWAMHYDPVYSFQIDYDGVQKSGVNGLGKL,0.36552353
MTSMQKVFAGYAARQAVLEASNDPFAKGIAWIEGEYVPLAEARIPLLDQGFMRSDLTYDVPSVWDGRFFRLDDHLTRLEVSCDKLRLKVPLPRDEVKRILVDMVAKSGIRDAHVWLIVTRGLKGVRGTKPEDIVNRLYMFIQPYVWVMEPEMQHTGGSAIVARTVRRVPPGAIDPTIKNLQWGDLVRGMFEASDRGATYPFLTDGDAHLTEGSGFNIVLVKDGVLYTPDRGVLQGITRKSVFDAARACGIEVRLEFVPVELAYNADEIFMSTTAGGIMPITSLDGKPVNGGQVGPVTKAIWDTYWAMHYDPVYSFQIDYDGVQKSGVNGLGKL,0.587087787
MTSMQKVFAGYAARQAVLEASNDPFAKGIAWIEGEYVPLAEARIPLLDQGFMRSDLTYDVPSVWDGRFFRLDDHLTRLEVSCDKLRLKVPLPRDEVKRILVDMVAKSGIRDAHVYLIVTRGLKGVRGTKPEDIVNRLYMFIQPYVWVMEPEMQHTGGSAIVARTVRRVPPGAIDPTIKNLQWGDLVRGMFEASDRGATYPFLTDGDAHLTEGSGFNIVLVKDGVLYTPDRGVLQGITRKSVFDAARACGIEVRLEFVPVELAYNADEIFMSTTAGGIMPITSLDGKPVNGGQVGPVTKAIWDTYWAMHYDPVYSFQIDYDGVQKSGVNGLGKL,0.789549668
MTSMQKVFAGYAARQAVLEASNDPFAKGIAWIEGEYVPLAEARIPLLDQGFMRSDLTYDVPSVWDGRFFRLDDHLTRLEVSCDKLRLKVPLPRDEVKRILVDMVAKSGIRDAHVCLIVTRGLKGVAGTKPEDIVNRLYMFIQPYVWVMEPEMQHTGGSAIVARTVRRVPPGAIDPTIKNLQWGDLVRGMFEASDRGATYPFLTDGDAHLTEGSGFNIVLVKDGVLYTPDRGVLQGITRKSVFDAARACGIEVRLEFVPVELAYNADEIFMSTTAGGIMPITSLDGKPVNGGQVGPVTKAIWDTYWAMHYDPVYSFQIDYDGVQKSGVNGLGKL,0.3447799
MTSMQKVFAGYAARQAVLEASNDPFAKGIAWIEGEYVPLAEARIPLLDQGFMRSDLTYDVPSVWDGRFFRLDDHLTRLEVSCDKLRLKVPLPRDEVKRILVDMVAKSGIRDAHVCLIVTRGLKGVCGTKPEDIVNRLYMFIQPYVWVMEPEMQHTGGSAIVARTVRRVPPGAIDPTIKNLQWGDLVRGMFEASDRGATYPFLTDGDAHLTEGSGFNIVLVKDGVLYTPDRGVLQGITRKSVFDAARACGIEVRLEFVPVELAYNADEIFMSTTAGGIMPITSLDGKPVNGGQVGPVTKAIWDTYWAMHYDPVYSFQIDYDGVQKSGVNGLGKL,0.487092852
MTSMQKVFAGYAARQAVLEASNDPFAKGIAWIEGEYVPLAEARIPLLDQGFMRSDLTYDVPSVWDGRFFRLDDHLTRLEVSCDKLRLKVPLPRDEVKRILVDMVAKSGIRDAHVCLIVTRGLKGVDGTKPEDIVNRLYMFIQPYVWVMEPEMQHTGGSAIVARTVRRVPPGAIDPTIKNLQWGDLVRGMFEASDRGATYPFLTDGDAHLTEGSGFNIVLVKDGVLYTPDRGVLQGITRKSVFDAARACGIEVRLEFVPVELAYNADEIFMSTTAGGIMPITSLDGKPVNGGQVGPVTKAIWDTYWAMHYDPVYSFQIDYDGVQKSGVNGLGKL,0.433346842
MTSMQKVFAGYAARQAVLEASNDPFAKGIAWIEGEYVPLAEARIPLLDQGFMRSDLTYDVPSVWDGRFFRLDDHLTRLEVSCDKLRLKVPLPRDEVKRILVDMVAKSGIRDAHVCLIVTRGLKGVEGTKPEDIVNRLYMFIQPYVWVMEPEMQHTGGSAIVARTVRRVPPGAIDPTIKNLQWGDLVRGMFEASDRGATYPFLTDGDAHLTEGSGFNIVLVKDGVLYTPDRGVLQGITRKSVFDAARACGIEVRLEFVPVELAYNADEIFMSTTAGGIMPITSLDGKPVNGGQVGPVTKAIWDTYWAMHYDPVYSFQIDYDGVQKSGVNGLGKL,0.527602452
MTSMQKVFAGYAARQAVLEASNDPFAKGIAWIEGEYVPLAEARIPLLDQGFMRSDLTYDVPSVWDGRFFRLDDHLTRLEVSCDKLRLKVPLPRDEVKRILVDMVAKSGIRDAHVCLIVTRGLKGVFGTKPEDIVNRLYMFIQPYVWVMEPEMQHTGGSAIVARTVRRVPPGAIDPTIKNLQWGDLVRGMFEASDRGATYPFLTDGDAHLTEGSGFNIVLVKDGVLYTPDRGVLQGITRKSVFDAARACGIEVRLEFVPVELAYNADEIFMSTTAGGIMPITSLDGKPVNGGQVGPVTKAIWDTYWAMHYDPVYSFQIDYDGVQKSGVNGLGKL,0.345099032
MTSMQKVFAGYAARQAVLEASNDPFAKGIAWIEGEYVPLAEARIPLLDQGFMRSDLTYDVPSVWDGRFFRLDDHLTRLEVSCDKLRLKVPLPRDEVKRILVDMVAKSGIRDAHVCLIVTRGLKGVGGTKPEDIVNRLYMFIQPYVWVMEPEMQHTGGSAIVARTVRRVPPGAIDPTIKNLQWGDLVRGMFEASDRGATYPFLTDGDAHLTEGSGFNIVLVKDGVLYTPDRGVLQGITRKSVFDAARACGIEVRLEFVPVELAYNADEIFMSTTAGGIMPITSLDGKPVNGGQVGPVTKAIWDTYWAMHYDPVYSFQIDYDGVQKSGVNGLGKL,0.725115242
MTSMQKVFAGYAARQAVLEASNDPFAKGIAWIEGEYVPLAEARIPLLDQGFMRSDLTYDVPSVWDGRFFRLDDHLTRLEVSCDKLRLKVPLPRDEVKRILVDMVAKSGIRDAHVCLIVTRGLKGVHGTKPEDIVNRLYMFIQPYVWVMEPEMQHTGGSAIVARTVRRVPPGAIDPTIKNLQWGDLVRGMFEASDRGATYPFLTDGDAHLTEGSGFNIVLVKDGVLYTPDRGVLQGITRKSVFDAARACGIEVRLEFVPVELAYNADEIFMSTTAGGIMPITSLDGKPVNGGQVGPVTKAIWDTYWAMHYDPVYSFQIDYDGVQKSGVNGLGKL,0.392290158
MTSMQKVFAGYAARQAVLEASNDPFAKGIAWIEGEYVPLAEARIPLLDQGFMRSDLTYDVPSVWDGRFFRLDDHLTRLEVSCDKLRLKVPLPRDEVKRILVDMVAKSGIRDAHVCLIVTRGLKGVIGTKPEDIVNRLYMFIQPYVWVMEPEMQHTGGSAIVARTVRRVPPGAIDPTIKNLQWGDLVRGMFEASDRGATYPFLTDGDAHLTEGSGFNIVLVKDGVLYTPDRGVLQGITRKSVFDAARACGIEVRLEFVPVELAYNADEIFMSTTAGGIMPITSLDGKPVNGGQVGPVTKAIWDTYWAMHYDPVYSFQIDYDGVQKSGVNGLGKL,0.300010131
MTSMQKVFAGYAARQAVLEASNDPFAKGIAWIEGEYVPLAEARIPLLDQGFMRSDLTYDVPSVWDGRFFRLDDHLTRLEVSCDKLRLKVPLPRDEVKRILVDMVAKSGIRDAHVCLIVTRGLKGVKGTKPEDIVNRLYMFIQPYVWVMEPEMQHTGGSAIVARTVRRVPPGAIDPTIKNLQWGDLVRGMFEASDRGATYPFLTDGDAHLTEGSGFNIVLVKDGVLYTPDRGVLQGITRKSVFDAARACGIEVRLEFVPVELAYNADEIFMSTTAGGIMPITSLDGKPVNGGQVGPVTKAIWDTYWAMHYDPVYSFQIDYDGVQKSGVNGLGKL,0.508110025
MTSMQKVFAGYAARQAVLEASNDPFAKGIAWIEGEYVPLAEARIPLLDQGFMRSDLTYDVPSVWDGRFFRLDDHLTRLEVSCDKLRLKVPLPRDEVKRILVDMVAKSGIRDAHVCLIVTRGLKGVLGTKPEDIVNRLYMFIQPYVWVMEPEMQHTGGSAIVARTVRRVPPGAIDPTIKNLQWGDLVRGMFEASDRGATYPFLTDGDAHLTEGSGFNIVLVKDGVLYTPDRGVLQGITRKSVFDAARACGIEVRLEFVPVELAYNADEIFMSTTAGGIMPITSLDGKPVNGGQVGPVTKAIWDTYWAMHYDPVYSFQIDYDGVQKSGVNGLGKL,0.229258903
MTSMQKVFAGYAARQAVLEASNDPFAKGIAWIEGEYVPLAEARIPLLDQGFMRSDLTYDVPSVWDGRFFRLDDHLTRLEVSCDKLRLKVPLPRDEVKRILVDMVAKSGIRDAHVCLIVTRGLKGVMGTKPEDIVNRLYMFIQPYVWVMEPEMQHTGGSAIVARTVRRVPPGAIDPTIKNLQWGDLVRGMFEASDRGATYPFLTDGDAHLTEGSGFNIVLVKDGVLYTPDRGVLQGITRKSVFDAARACGIEVRLEFVPVELAYNADEIFMSTTAGGIMPITSLDGKPVNGGQVGPVTKAIWDTYWAMHYDPVYSFQIDYDGVQKSGVNGLGKL,0.259465073
MTSMQKVFAGYAARQAVLEASNDPFAKGIAWIEGEYVPLAEARIPLLDQGFMRSDLTYDVPSVWDGRFFRLDDHLTRLEVSCDKLRLKVPLPRDEVKRILVDMVAKSGIRDAHVCLIVTRGLKGVNGTKPEDIVNRLYMFIQPYVWVMEPEMQHTGGSAIVARTVRRVPPGAIDPTIKNLQWGDLVRGMFEASDRGATYPFLTDGDAHLTEGSGFNIVLVKDGVLYTPDRGVLQGITRKSVFDAARACGIEVRLEFVPVELAYNADEIFMSTTAGGIMPITSLDGKPVNGGQVGPVTKAIWDTYWAMHYDPVYSFQIDYDGVQKSGVNGLGKL,0.534202928
MTSMQKVFAGYAARQAVLEASNDPFAKGIAWIEGEYVPLAEARIPLLDQGFMRSDLTYDVPSVWDGRFFRLDDHLTRLEVSCDKLRLKVPLPRDEVKRILVDMVAKSGIRDAHVCLIVTRGLKGVPGTKPEDIVNRLYMFIQPYVWVMEPEMQHTGGSAIVARTVRRVPPGAIDPTIKNLQWGDLVRGMFEASDRGATYPFLTDGDAHLTEGSGFNIVLVKDGVLYTPDRGVLQGITRKSVFDAARACGIEVRLEFVPVELAYNADEIFMSTTAGGIMPITSLDGKPVNGGQVGPVTKAIWDTYWAMHYDPVYSFQIDYDGVQKSGVNGLGKL,0.530960944
MTSMQKVFAGYAARQAVLEASNDPFAKGIAWIEGEYVPLAEARIPLLDQGFMRSDLTYDVPSVWDGRFFRLDDHLTRLEVSCDKLRLKVPLPRDEVKRILVDMVAKSGIRDAHVCLIVTRGLKGVQGTKPEDIVNRLYMFIQPYVWVMEPEMQHTGGSAIVARTVRRVPPGAIDPTIKNLQWGDLVRGMFEASDRGATYPFLTDGDAHLTEGSGFNIVLVKDGVLYTPDRGVLQGITRKSVFDAARACGIEVRLEFVPVELAYNADEIFMSTTAGGIMPITSLDGKPVNGGQVGPVTKAIWDTYWAMHYDPVYSFQIDYDGVQKSGVNGLGKL,0.30164632
MTSMQKVFAGYAARQAVLEASNDPFAKGIAWIEGEYVPLAEARIPLLDQGFMRSDLTYDVPSVWDGRFFRLDDHLTRLEVSCDKLRLKVPLPRDEVKRILVDMVAKSGIRDAHVCLIVTRGLKGVSGTKPEDIVNRLYMFIQPYVWVMEPEMQHTGGSAIVARTVRRVPPGAIDPTIKNLQWGDLVRGMFEASDRGATYPFLTDGDAHLTEGSGFNIVLVKDGVLYTPDRGVLQGITRKSVFDAARACGIEVRLEFVPVELAYNADEIFMSTTAGGIMPITSLDGKPVNGGQVGPVTKAIWDTYWAMHYDPVYSFQIDYDGVQKSGVNGLGKL,0.465427283
MTSMQKVFAGYAARQAVLEASNDPFAKGIAWIEGEYVPLAEARIPLLDQGFMRSDLTYDVPSVWDGRFFRLDDHLTRLEVSCDKLRLKVPLPRDEVKRILVDMVAKSGIRDAHVCLIVTRGLKGVTGTKPEDIVNRLYMFIQPYVWVMEPEMQHTGGSAIVARTVRRVPPGAIDPTIKNLQWGDLVRGMFEASDRGATYPFLTDGDAHLTEGSGFNIVLVKDGVLYTPDRGVLQGITRKSVFDAARACGIEVRLEFVPVELAYNADEIFMSTTAGGIMPITSLDGKPVNGGQVGPVTKAIWDTYWAMHYDPVYSFQIDYDGVQKSGVNGLGKL,0.467053341
MTSMQKVFAGYAARQAVLEASNDPFAKGIAWIEGEYVPLAEARIPLLDQGFMRSDLTYDVPSVWDGRFFRLDDHLTRLEVSCDKLRLKVPLPRDEVKRILVDMVAKSGIRDAHVCLIVTRGLKGVVGTKPEDIVNRLYMFIQPYVWVMEPEMQHTGGSAIVARTVRRVPPGAIDPTIKNLQWGDLVRGMFEASDRGATYPFLTDGDAHLTEGSGFNIVLVKDGVLYTPDRGVLQGITRKSVFDAARACGIEVRLEFVPVELAYNADEIFMSTTAGGIMPITSLDGKPVNGGQVGPVTKAIWDTYWAMHYDPVYSFQIDYDGVQKSGVNGLGKL,0.340605846
MTSMQKVFAGYAARQAVLEASNDPFAKGIAWIEGEYVPLAEARIPLLDQGFMRSDLTYDVPSVWDGRFFRLDDHLTRLEVSCDKLRLKVPLPRDEVKRILVDMVAKSGIRDAHVCLIVTRGLKGVWGTKPEDIVNRLYMFIQPYVWVMEPEMQHTGGSAIVARTVRRVPPGAIDPTIKNLQWGDLVRGMFEASDRGATYPFLTDGDAHLTEGSGFNIVLVKDGVLYTPDRGVLQGITRKSVFDAARACGIEVRLEFVPVELAYNADEIFMSTTAGGIMPITSLDGKPVNGGQVGPVTKAIWDTYWAMHYDPVYSFQIDYDGVQKSGVNGLGKL,0.576829948
MTSMQKVFAGYAARQAVLEASNDPFAKGIAWIEGEYVPLAEARIPLLDQGFMRSDLTYDVPSVWDGRFFRLDDHLTRLEVSCDKLRLKVPLPRDEVKRILVDMVAKSGIRDAHVCLIVTRGLKGVYGTKPEDIVNRLYMFIQPYVWVMEPEMQHTGGSAIVARTVRRVPPGAIDPTIKNLQWGDLVRGMFEASDRGATYPFLTDGDAHLTEGSGFNIVLVKDGVLYTPDRGVLQGITRKSVFDAARACGIEVRLEFVPVELAYNADEIFMSTTAGGIMPITSLDGKPVNGGQVGPVTKAIWDTYWAMHYDPVYSFQIDYDGVQKSGVNGLGKL,0.280502507
MTSMQKVFAGYAARQAVLEASNDPFAKGIAWIEGEYVPLAEARIPLLDQGFMRSDLTYDVPSVWDGRFFRLDDHLTRLEVSCDKLRLKVPLPRDEVKRILVDMVAKSGIRDAHVCLIVTRGLKGVRGTKPEDIVNRLYMFIQPYAWVMEPEMQHTGGSAIVARTVRRVPPGAIDPTIKNLQWGDLVRGMFEASDRGATYPFLTDGDAHLTEGSGFNIVLVKDGVLYTPDRGVLQGITRKSVFDAARACGIEVRLEFVPVELAYNADEIFMSTTAGGIMPITSLDGKPVNGGQVGPVTKAIWDTYWAMHYDPVYSFQIDYDGVQKSGVNGLGKL,0.678881516
MTSMQKVFAGYAARQAVLEASNDPFAKGIAWIEGEYVPLAEARIPLLDQGFMRSDLTYDVPSVWDGRFFRLDDHLTRLEVSCDKLRLKVPLPRDEVKRILVDMVAKSGIRDAHVCLIVTRGLKGVRGTKPEDIVNRLYMFIQPYCWVMEPEMQHTGGSAIVARTVRRVPPGAIDPTIKNLQWGDLVRGMFEASDRGATYPFLTDGDAHLTEGSGFNIVLVKDGVLYTPDRGVLQGITRKSVFDAARACGIEVRLEFVPVELAYNADEIFMSTTAGGIMPITSLDGKPVNGGQVGPVTKAIWDTYWAMHYDPVYSFQIDYDGVQKSGVNGLGKL,0.917207842
MTSMQKVFAGYAARQAVLEASNDPFAKGIAWIEGEYVPLAEARIPLLDQGFMRSDLTYDVPSVWDGRFFRLDDHLTRLEVSCDKLRLKVPLPRDEVKRILVDMVAKSGIRDAHVCLIVTRGLKGVRGTKPEDIVNRLYMFIQPYDWVMEPEMQHTGGSAIVARTVRRVPPGAIDPTIKNLQWGDLVRGMFEASDRGATYPFLTDGDAHLTEGSGFNIVLVKDGVLYTPDRGVLQGITRKSVFDAARACGIEVRLEFVPVELAYNADEIFMSTTAGGIMPITSLDGKPVNGGQVGPVTKAIWDTYWAMHYDPVYSFQIDYDGVQKSGVNGLGKL,0.391069348
MTSMQKVFAGYAARQAVLEASNDPFAKGIAWIEGEYVPLAEARIPLLDQGFMRSDLTYDVPSVWDGRFFRLDDHLTRLEVSCDKLRLKVPLPRDEVKRILVDMVAKSGIRDAHVCLIVTRGLKGVRGTKPEDIVNRLYMFIQPYEWVMEPEMQHTGGSAIVARTVRRVPPGAIDPTIKNLQWGDLVRGMFEASDRGATYPFLTDGDAHLTEGSGFNIVLVKDGVLYTPDRGVLQGITRKSVFDAARACGIEVRLEFVPVELAYNADEIFMSTTAGGIMPITSLDGKPVNGGQVGPVTKAIWDTYWAMHYDPVYSFQIDYDGVQKSGVNGLGKL,0.50481232
MTSMQKVFAGYAARQAVLEASNDPFAKGIAWIEGEYVPLAEARIPLLDQGFMRSDLTYDVPSVWDGRFFRLDDHLTRLEVSCDKLRLKVPLPRDEVKRILVDMVAKSGIRDAHVCLIVTRGLKGVRGTKPEDIVNRLYMFIQPYFWVMEPEMQHTGGSAIVARTVRRVPPGAIDPTIKNLQWGDLVRGMFEASDRGATYPFLTDGDAHLTEGSGFNIVLVKDGVLYTPDRGVLQGITRKSVFDAARACGIEVRLEFVPVELAYNADEIFMSTTAGGIMPITSLDGKPVNGGQVGPVTKAIWDTYWAMHYDPVYSFQIDYDGVQKSGVNGLGKL,0.561607821
MTSMQKVFAGYAARQAVLEASNDPFAKGIAWIEGEYVPLAEARIPLLDQGFMRSDLTYDVPSVWDGRFFRLDDHLTRLEVSCDKLRLKVPLPRDEVKRILVDMVAKSGIRDAHVCLIVTRGLKGVRGTKPEDIVNRLYMFIQPYGWVMEPEMQHTGGSAIVARTVRRVPPGAIDPTIKNLQWGDLVRGMFEASDRGATYPFLTDGDAHLTEGSGFNIVLVKDGVLYTPDRGVLQGITRKSVFDAARACGIEVRLEFVPVELAYNADEIFMSTTAGGIMPITSLDGKPVNGGQVGPVTKAIWDTYWAMHYDPVYSFQIDYDGVQKSGVNGLGKL,0.41072894
MTSMQKVFAGYAARQAVLEASNDPFAKGIAWIEGEYVPLAEARIPLLDQGFMRSDLTYDVPSVWDGRFFRLDDHLTRLEVSCDKLRLKVPLPRDEVKRILVDMVAKSGIRDAHVCLIVTRGLKGVRGTKPEDIVNRLYMFIQPYHWVMEPEMQHTGGSAIVARTVRRVPPGAIDPTIKNLQWGDLVRGMFEASDRGATYPFLTDGDAHLTEGSGFNIVLVKDGVLYTPDRGVLQGITRKSVFDAARACGIEVRLEFVPVELAYNADEIFMSTTAGGIMPITSLDGKPVNGGQVGPVTKAIWDTYWAMHYDPVYSFQIDYDGVQKSGVNGLGKL,0.515936376
MTSMQKVFAGYAARQAVLEASNDPFAKGIAWIEGEYVPLAEARIPLLDQGFMRSDLTYDVPSVWDGRFFRLDDHLTRLEVSCDKLRLKVPLPRDEVKRILVDMVAKSGIRDAHVCLIVTRGLKGVRGTKPEDIVNRLYMFIQPYIWVMEPEMQHTGGSAIVARTVRRVPPGAIDPTIKNLQWGDLVRGMFEASDRGATYPFLTDGDAHLTEGSGFNIVLVKDGVLYTPDRGVLQGITRKSVFDAARACGIEVRLEFVPVELAYNADEIFMSTTAGGIMPITSLDGKPVNGGQVGPVTKAIWDTYWAMHYDPVYSFQIDYDGVQKSGVNGLGKL,0.364089965
MTSMQKVFAGYAARQAVLEASNDPFAKGIAWIEGEYVPLAEARIPLLDQGFMRSDLTYDVPSVWDGRFFRLDDHLTRLEVSCDKLRLKVPLPRDEVKRILVDMVAKSGIRDAHVCLIVTRGLKGVRGTKPEDIVNRLYMFIQPYKWVMEPEMQHTGGSAIVARTVRRVPPGAIDPTIKNLQWGDLVRGMFEASDRGATYPFLTDGDAHLTEGSGFNIVLVKDGVLYTPDRGVLQGITRKSVFDAARACGIEVRLEFVPVELAYNADEIFMSTTAGGIMPITSLDGKPVNGGQVGPVTKAIWDTYWAMHYDPVYSFQIDYDGVQKSGVNGLGKL,0.383800213
MTSMQKVFAGYAARQAVLEASNDPFAKGIAWIEGEYVPLAEARIPLLDQGFMRSDLTYDVPSVWDGRFFRLDDHLTRLEVSCDKLRLKVPLPRDEVKRILVDMVAKSGIRDAHVCLIVTRGLKGVRGTKPEDIVNRLYMFIQPYLWVMEPEMQHTGGSAIVARTVRRVPPGAIDPTIKNLQWGDLVRGMFEASDRGATYPFLTDGDAHLTEGSGFNIVLVKDGVLYTPDRGVLQGITRKSVFDAARACGIEVRLEFVPVELAYNADEIFMSTTAGGIMPITSLDGKPVNGGQVGPVTKAIWDTYWAMHYDPVYSFQIDYDGVQKSGVNGLGKL,0.396175472
MTSMQKVFAGYAARQAVLEASNDPFAKGIAWIEGEYVPLAEARIPLLDQGFMRSDLTYDVPSVWDGRFFRLDDHLTRLEVSCDKLRLKVPLPRDEVKRILVDMVAKSGIRDAHVCLIVTRGLKGVRGTKPEDIVNRLYMFIQPYMWVMEPEMQHTGGSAIVARTVRRVPPGAIDPTIKNLQWGDLVRGMFEASDRGATYPFLTDGDAHLTEGSGFNIVLVKDGVLYTPDRGVLQGITRKSVFDAARACGIEVRLEFVPVELAYNADEIFMSTTAGGIMPITSLDGKPVNGGQVGPVTKAIWDTYWAMHYDPVYSFQIDYDGVQKSGVNGLGKL,0.402841801
MTSMQKVFAGYAARQAVLEASNDPFAKGIAWIEGEYVPLAEARIPLLDQGFMRSDLTYDVPSVWDGRFFRLDDHLTRLEVSCDKLRLKVPLPRDEVKRILVDMVAKSGIRDAHVCLIVTRGLKGVRGTKPEDIVNRLYMFIQPYNWVMEPEMQHTGGSAIVARTVRRVPPGAIDPTIKNLQWGDLVRGMFEASDRGATYPFLTDGDAHLTEGSGFNIVLVKDGVLYTPDRGVLQGITRKSVFDAARACGIEVRLEFVPVELAYNADEIFMSTTAGGIMPITSLDGKPVNGGQVGPVTKAIWDTYWAMHYDPVYSFQIDYDGVQKSGVNGLGKL,0.402117421
MTSMQKVFAGYAARQAVLEASNDPFAKGIAWIEGEYVPLAEARIPLLDQGFMRSDLTYDVPSVWDGRFFRLDDHLTRLEVSCDKLRLKVPLPRDEVKRILVDMVAKSGIRDAHVCLIVTRGLKGVRGTKPEDIVNRLYMFIQPYPWVMEPEMQHTGGSAIVARTVRRVPPGAIDPTIKNLQWGDLVRGMFEASDRGATYPFLTDGDAHLTEGSGFNIVLVKDGVLYTPDRGVLQGITRKSVFDAARACGIEVRLEFVPVELAYNADEIFMSTTAGGIMPITSLDGKPVNGGQVGPVTKAIWDTYWAMHYDPVYSFQIDYDGVQKSGVNGLGKL,0.27870422
MTSMQKVFAGYAARQAVLEASNDPFAKGIAWIEGEYVPLAEARIPLLDQGFMRSDLTYDVPSVWDGRFFRLDDHLTRLEVSCDKLRLKVPLPRDEVKRILVDMVAKSGIRDAHVCLIVTRGLKGVRGTKPEDIVNRLYMFIQPYQWVMEPEMQHTGGSAIVARTVRRVPPGAIDPTIKNLQWGDLVRGMFEASDRGATYPFLTDGDAHLTEGSGFNIVLVKDGVLYTPDRGVLQGITRKSVFDAARACGIEVRLEFVPVELAYNADEIFMSTTAGGIMPITSLDGKPVNGGQVGPVTKAIWDTYWAMHYDPVYSFQIDYDGVQKSGVNGLGKL,0.410323692
MTSMQKVFAGYAARQAVLEASNDPFAKGIAWIEGEYVPLAEARIPLLDQGFMRSDLTYDVPSVWDGRFFRLDDHLTRLEVSCDKLRLKVPLPRDEVKRILVDMVAKSGIRDAHVCLIVTRGLKGVRGTKPEDIVNRLYMFIQPYRWVMEPEMQHTGGSAIVARTVRRVPPGAIDPTIKNLQWGDLVRGMFEASDRGATYPFLTDGDAHLTEGSGFNIVLVKDGVLYTPDRGVLQGITRKSVFDAARACGIEVRLEFVPVELAYNADEIFMSTTAGGIMPITSLDGKPVNGGQVGPVTKAIWDTYWAMHYDPVYSFQIDYDGVQKSGVNGLGKL,0.254804721
MTSMQKVFAGYAARQAVLEASNDPFAKGIAWIEGEYVPLAEARIPLLDQGFMRSDLTYDVPSVWDGRFFRLDDHLTRLEVSCDKLRLKVPLPRDEVKRILVDMVAKSGIRDAHVCLIVTRGLKGVRGTKPEDIVNRLYMFIQPYSWVMEPEMQHTGGSAIVARTVRRVPPGAIDPTIKNLQWGDLVRGMFEASDRGATYPFLTDGDAHLTEGSGFNIVLVKDGVLYTPDRGVLQGITRKSVFDAARACGIEVRLEFVPVELAYNADEIFMSTTAGGIMPITSLDGKPVNGGQVGPVTKAIWDTYWAMHYDPVYSFQIDYDGVQKSGVNGLGKL,0.528342029
MTSMQKVFAGYAARQAVLEASNDPFAKGIAWIEGEYVPLAEARIPLLDQGFMRSDLTYDVPSVWDGRFFRLDDHLTRLEVSCDKLRLKVPLPRDEVKRILVDMVAKSGIRDAHVCLIVTRGLKGVRGTKPEDIVNRLYMFIQPYTWVMEPEMQHTGGSAIVARTVRRVPPGAIDPTIKNLQWGDLVRGMFEASDRGATYPFLTDGDAHLTEGSGFNIVLVKDGVLYTPDRGVLQGITRKSVFDAARACGIEVRLEFVPVELAYNADEIFMSTTAGGIMPITSLDGKPVNGGQVGPVTKAIWDTYWAMHYDPVYSFQIDYDGVQKSGVNGLGKL,0.460468061
MTSMQKVFAGYAARQAVLEASNDPFAKGIAWIEGEYVPLAEARIPLLDQGFMRSDLTYDVPSVWDGRFFRLDDHLTRLEVSCDKLRLKVPLPRDEVKRILVDMVAKSGIRDAFVCLIVTRGLKGVRGTKPEDIVNRLYMFIQPYVWVMEPEMQHTGGSAIVARTVRRVPPGAIDPTIKNLQWGDLVRGMFEASDRGATYPFLTDGDAHLTEGSGFNIVLVKDGVLYTPDRGVLQGITRKSVFDAARACGIEVRLEFVPVELAYNADEIFMSSTAGGIMPITSLDGKPVNGGQVGPVTKAIWDTYWAMHYDPVYSFQIDYDGVQKSGVNGLGKL,0.835089408
MTSMQKVFAGYAARQAVLEASNDPFAKGIAWIEGEYVPLAEARIPLLDQGFMRSDLTYDVPSVWDGRFFRLDDHLTRLEVSCDKLRLKVPLPRDEVKRILVDMVAKSGIRDAHVCLIVTRGLKGVRGTKPEDIVNRLYMFIQPYYWVMEPEMQHTGGSAIVARTVRRVPPGAIDPTIKNLQWGDLVRGMFEASDRGATYPFLTDGDAHLTEGSGFNIVLVKDGVLYTPDRGVLQGITRKSVFDAARACGIEVRLEFVPVELAYNADEIFMSTTAGGIMPITSLDGKPVNGGQVGPVTKAIWDTYWAMHYDPVYSFQIDYDGVQKSGVNGLGKL,0.64634517
MTSMQKVFAGYAARQAVLEASNDPFAKGIAWIEGEYVPLAEARIPLLDQGFMRSDLTYDVPSVWDGRFFRLDDHLTRLEVSCDKLRLKVPLPRDEVKRILVDMVAKSGIRDAHVCLIVTRGLKGVRGTKPEDIVNRLYMFIQPYVWAMEPEMQHTGGSAIVARTVRRVPPGAIDPTIKNLQWGDLVRGMFEASDRGATYPFLTDGDAHLTEGSGFNIVLVKDGVLYTPDRGVLQGITRKSVFDAARACGIEVRLEFVPVELAYNADEIFMSTTAGGIMPITSLDGKPVNGGQVGPVTKAIWDTYWAMHYDPVYSFQIDYDGVQKSGVNGLGKL,0.575948534
MTSMQKVFAGYAARQAVLEASNDPFAKGIAWIEGEYVPLAEARIPLLDQGFMRSDLTYDVPSVWDGRFFRLDDHLTRLEVSCDKLRLKVPLPRDEVKRILVDMVAKSGIRDAHVCLIVTRGLKGVRGTKPEDIVNRLYMFIQPYVWCMEPEMQHTGGSAIVARTVRRVPPGAIDPTIKNLQWGDLVRGMFEASDRGATYPFLTDGDAHLTEGSGFNIVLVKDGVLYTPDRGVLQGITRKSVFDAARACGIEVRLEFVPVELAYNADEIFMSTTAGGIMPITSLDGKPVNGGQVGPVTKAIWDTYWAMHYDPVYSFQIDYDGVQKSGVNGLGKL,0.694564612
MTSMQKVFAGYAARQAVLEASNDPFAKGIAWIEGEYVPLAEARIPLLDQGFMRSDLTYDVPSVWDGRFFRLDDHLTRLEVSCDKLRLKVPLPRDEVKRILVDMVAKSGIRDAHVCLIVTRGLKGVRGTKPEDIVNRLYMFIQPYVWDMEPEMQHTGGSAIVARTVRRVPPGAIDPTIKNLQWGDLVRGMFEASDRGATYPFLTDGDAHLTEGSGFNIVLVKDGVLYTPDRGVLQGITRKSVFDAARACGIEVRLEFVPVELAYNADEIFMSTTAGGIMPITSLDGKPVNGGQVGPVTKAIWDTYWAMHYDPVYSFQIDYDGVQKSGVNGLGKL,0.147662226
MTSMQKVFAGYAARQAVLEASNDPFAKGIAWIEGEYVPLAEARIPLLDQGFMRSDLTYDVPSVWDGRFFRLDDHLTRLEVSCDKLRLKVPLPRDEVKRILVDMVAKSGIRDAHVCLIVTRGLKGVRGTKPEDIVNRLYMFIQPYVWEMEPEMQHTGGSAIVARTVRRVPPGAIDPTIKNLQWGDLVRGMFEASDRGATYPFLTDGDAHLTEGSGFNIVLVKDGVLYTPDRGVLQGITRKSVFDAARACGIEVRLEFVPVELAYNADEIFMSTTAGGIMPITSLDGKPVNGGQVGPVTKAIWDTYWAMHYDPVYSFQIDYDGVQKSGVNGLGKL,0.216579707
MTSMQKVFAGYAARQAVLEASNDPFAKGIAWIEGEYVPLAEARIPLLDQGFMRSDLTYDVPSVWDGRFFRLDDHLTRLEVSCDKLRLKVPLPRDEVKRILVDMVAKSGIRDAHVCLIVTRGLKGVRGTKPEDIVNRLYMFIQPYVWFMEPEMQHTGGSAIVARTVRRVPPGAIDPTIKNLQWGDLVRGMFEASDRGATYPFLTDGDAHLTEGSGFNIVLVKDGVLYTPDRGVLQGITRKSVFDAARACGIEVRLEFVPVELAYNADEIFMSTTAGGIMPITSLDGKPVNGGQVGPVTKAIWDTYWAMHYDPVYSFQIDYDGVQKSGVNGLGKL,0.630408794
MTSMQKVFAGYAARQAVLEASNDPFAKGIAWIEGEYVPLAEARIPLLDQGFMRSDLTYDVPSVWDGRFFRLDDHLTRLEVSCDKLRLKVPLPRDEVKRILVDMVAKSGIRDAHVCLIVTRGLKGVRGTKPEDIVNRLYMFIQPYVWGMEPEMQHTGGSAIVARTVRRVPPGAIDPTIKNLQWGDLVRGMFEASDRGATYPFLTDGDAHLTEGSGFNIVLVKDGVLYTPDRGVLQGITRKSVFDAARACGIEVRLEFVPVELAYNADEIFMSTTAGGIMPITSLDGKPVNGGQVGPVTKAIWDTYWAMHYDPVYSFQIDYDGVQKSGVNGLGKL,0.408646978
MTSMQKVFAGYAARQAVLEASNDPFAKGIAWIEGEYVPLAEARIPLLDQGFMRSDLTYDVPSVWDGRFFRLDDHLTRLEVSCDKLRLKVPLPRDEVKRILVDMVAKSGIRDAHVCLIVTRGLKGVRGTKPEDIVNRLYMFIQPYVWHMEPEMQHTGGSAIVARTVRRVPPGAIDPTIKNLQWGDLVRGMFEASDRGATYPFLTDGDAHLTEGSGFNIVLVKDGVLYTPDRGVLQGITRKSVFDAARACGIEVRLEFVPVELAYNADEIFMSTTAGGIMPITSLDGKPVNGGQVGPVTKAIWDTYWAMHYDPVYSFQIDYDGVQKSGVNGLGKL,0.213033788
MTSMQKVFAGYAARQAVLEASNDPFAKGIAWIEGEYVPLAEARIPLLDQGFMRSDLTYDVPSVWDGRFFRLDDHLTRLEVSCDKLRLKVPLPRDEVKRILVDMVAKSGIRDAHVCLIVTRGLKGVRGTKPEDIVNRLYMFIQPYVWIMEPEMQHTGGSAIVARTVRRVPPGAIDPTIKNLQWGDLVRGMFEASDRGATYPFLTDGDAHLTEGSGFNIVLVKDGVLYTPDRGVLQGITRKSVFDAARACGIEVRLEFVPVELAYNADEIFMSTTAGGIMPITSLDGKPVNGGQVGPVTKAIWDTYWAMHYDPVYSFQIDYDGVQKSGVNGLGKL,0.702598653
MTSMQKVFAGYAARQAVLEASNDPFAKGIAWIEGEYVPLAEARIPLLDQGFMRSDLTYDVPSVWDGRFFRLDDHLTRLEVSCDKLRLKVPLPRDEVKRILVDMVAKSGIRDAHVCLIVTRGLKGVRGTKPEDIVNRLYMFIQPYVWKMEPEMQHTGGSAIVARTVRRVPPGAIDPTIKNLQWGDLVRGMFEASDRGATYPFLTDGDAHLTEGSGFNIVLVKDGVLYTPDRGVLQGITRKSVFDAARACGIEVRLEFVPVELAYNADEIFMSTTAGGIMPITSLDGKPVNGGQVGPVTKAIWDTYWAMHYDPVYSFQIDYDGVQKSGVNGLGKL,0.242307887
MTSMQKVFAGYAARQAVLEASNDPFAKGIAWIEGEYVPLAEARIPLLDQGFMRSDLTYDVPSVWDGRFFRLDDHLTRLEVSCDKLRLKVPLPRDEVKRILVDMVAKSGIRDAHVCLIVTRGLKGVRGTKPEDIVNRLYMFIQPYVWLMEPEMQHTGGSAIVARTVRRVPPGAIDPTIKNLQWGDLVRGMFEASDRGATYPFLTDGDAHLTEGSGFNIVLVKDGVLYTPDRGVLQGITRKSVFDAARACGIEVRLEFVPVELAYNADEIFMSTTAGGIMPITSLDGKPVNGGQVGPVTKAIWDTYWAMHYDPVYSFQIDYDGVQKSGVNGLGKL,0.640519731
MTSMQKVFAGYAARQAVLEASNDPFAKGIAWIEGEYVPLAEARIPLLDQGFMRSDLTYDVPSVWDGRFFRLDDHLTRLEVSCDKLRLKVPLPRDEVKRILVDMVAKSGIRDAHVCLIVTRGLKGVRGTKPEDIVNRLYMFIQPYVWMMEPEMQHTGGSAIVARTVRRVPPGAIDPTIKNLQWGDLVRGMFEASDRGATYPFLTDGDAHLTEGSGFNIVLVKDGVLYTPDRGVLQGITRKSVFDAARACGIEVRLEFVPVELAYNADEIFMSTTAGGIMPITSLDGKPVNGGQVGPVTKAIWDTYWAMHYDPVYSFQIDYDGVQKSGVNGLGKL,0.456906945
MTSMQKVFAGYAARQAVLEASNDPFAKGIAWIEGEYVPLAEARIPLLDQGFMRSDLTYDVPSVWDGRFFRLDDHLTRLEVSCDKLRLKVPLPRDEVKRILVDMVAKSGIRDAHVCLIVTRGLKGVRGTKPEDIVNRLYMFIQPYVWNMEPEMQHTGGSAIVARTVRRVPPGAIDPTIKNLQWGDLVRGMFEASDRGATYPFLTDGDAHLTEGSGFNIVLVKDGVLYTPDRGVLQGITRKSVFDAARACGIEVRLEFVPVELAYNADEIFMSTTAGGIMPITSLDGKPVNGGQVGPVTKAIWDTYWAMHYDPVYSFQIDYDGVQKSGVNGLGKL,0.218231093
MTSMQKVFAGYAARQAVLEASNDPFAKGIAWIEGEYVPLAEARIPLLDQGFMRSDLTYDVPSVWDGRFFRLDDHLTRLEVSCDKLRLKVPLPRDEVKRILVDMVAKSGIRDAHVCLIVTRGLKGVRGTKPEDIVNRLYMFIQPYVWPMEPEMQHTGGSAIVARTVRRVPPGAIDPTIKNLQWGDLVRGMFEASDRGATYPFLTDGDAHLTEGSGFNIVLVKDGVLYTPDRGVLQGITRKSVFDAARACGIEVRLEFVPVELAYNADEIFMSTTAGGIMPITSLDGKPVNGGQVGPVTKAIWDTYWAMHYDPVYSFQIDYDGVQKSGVNGLGKL,0.060746669
MTSMQKVFAGYAARQAVLEASNDPFAKGIAWIEGEYVPLAEARIPLLDQGFMRSDLTYDVPSVWDGRFFRLDDHLTRLEVSCDKLRLKVPLPRDEVKRILVDMVAKSGIRDAHVCLIVTRGLKGVRGTKPEDIVNRLYMFIQPYVWQMEPEMQHTGGSAIVARTVRRVPPGAIDPTIKNLQWGDLVRGMFEASDRGATYPFLTDGDAHLTEGSGFNIVLVKDGVLYTPDRGVLQGITRKSVFDAARACGIEVRLEFVPVELAYNADEIFMSTTAGGIMPITSLDGKPVNGGQVGPVTKAIWDTYWAMHYDPVYSFQIDYDGVQKSGVNGLGKL,0.34364014
MTSMQKVFAGYAARQAVLEASNDPFAKGIAWIEGEYVPLAEARIPLLDQGFMRSDLTYDVPSVWDGRFFRLDDHLTRLEVSCDKLRLKVPLPRDEVKRILVDMVAKSGIRDAHVCLIVTRGLKGVRGTKPEDIVNRLYMFIQPYVWRMEPEMQHTGGSAIVARTVRRVPPGAIDPTIKNLQWGDLVRGMFEASDRGATYPFLTDGDAHLTEGSGFNIVLVKDGVLYTPDRGVLQGITRKSVFDAARACGIEVRLEFVPVELAYNADEIFMSTTAGGIMPITSLDGKPVNGGQVGPVTKAIWDTYWAMHYDPVYSFQIDYDGVQKSGVNGLGKL,0.050281141
MTSMQKVFAGYAARQAVLEASNDPFAKGIAWIEGEYVPLAEARIPLLDQGFMRSDLTYDVPSVWDGRFFRLDDHLTRLEVSCDKLRLKVPLPRDEVKRILVDMVAKSGIRDAHVCLIVTRGLKGVRGTKPEDIVNRLYMFIQPYVWSMEPEMQHTGGSAIVARTVRRVPPGAIDPTIKNLQWGDLVRGMFEASDRGATYPFLTDGDAHLTEGSGFNIVLVKDGVLYTPDRGVLQGITRKSVFDAARACGIEVRLEFVPVELAYNADEIFMSTTAGGIMPITSLDGKPVNGGQVGPVTKAIWDTYWAMHYDPVYSFQIDYDGVQKSGVNGLGKL,0.250691454
MTSMQKVFAGYAARQAVLEASNDPFAKGIAWIEGEYVPLAEARIPLLDQGFMRSDLTYDVPSVWDGRFFRLDDHLTRLEVSCDKLRLKVPLPRDEVKRILVDMVAKSGIRDAHVCLIVTRGLKGVRGTKPEDIVNRLYMFIQPYVWTMEPEMQHTGGSAIVARTVRRVPPGAIDPTIKNLQWGDLVRGMFEASDRGATYPFLTDGDAHLTEGSGFNIVLVKDGVLYTPDRGVLQGITRKSVFDAARACGIEVRLEFVPVELAYNADEIFMSTTAGGIMPITSLDGKPVNGGQVGPVTKAIWDTYWAMHYDPVYSFQIDYDGVQKSGVNGLGKL,0.335808723
MTSMQKVFAGYAARQAVLEASNDPFAKGIAWIEGEYVPLAEARIPLLDQGFMRSDLTYDVPSVWDGRFFRLDDHLTRLEVSCDKLRLKVPLPRDEVKRILVDMVAKSGIRDAHVCLIVTRGLKGVRGTKPEDIVNRLYMFIQPYVWWMEPEMQHTGGSAIVARTVRRVPPGAIDPTIKNLQWGDLVRGMFEASDRGATYPFLTDGDAHLTEGSGFNIVLVKDGVLYTPDRGVLQGITRKSVFDAARACGIEVRLEFVPVELAYNADEIFMSTTAGGIMPITSLDGKPVNGGQVGPVTKAIWDTYWAMHYDPVYSFQIDYDGVQKSGVNGLGKL,0.238138899
MTSMQKVFAGYAARQAVLEASNDPFAKGIAWIEGEYVPLAEARIPLLDQGFMRSDLTYDVPSVWDGRFFRLDDHLTRLEVSCDKLRLKVPLPRDEVKRILVDMVAKSGIRDAHVCLIVTRGLKGVRGTKPEDIVNRLYMFIQPYVWYMEPEMQHTGGSAIVARTVRRVPPGAIDPTIKNLQWGDLVRGMFEASDRGATYPFLTDGDAHLTEGSGFNIVLVKDGVLYTPDRGVLQGITRKSVFDAARACGIEVRLEFVPVELAYNADEIFMSTTAGGIMPITSLDGKPVNGGQVGPVTKAIWDTYWAMHYDPVYSFQIDYDGVQKSGVNGLGKL,0.400106378
MTSMQKVFAGYAARQAVLEASNDPFAKGIAWIEGEYVPLAEARIPLLDQGFMRSDLTYDVPSVWDGRFFRLDDHLTRLEVSCDKLRLKVPLPRDEVKRILVDMVAKSGIRDAHVCLIVTRGLKGVRGTKPEDIVNRLYMFIQPYVWVMEPEMQHTGGSAIVARTVRRVPPGAIDPTIKNLQWGDLVRGMFEASDRGATAPFLTDGDAHLTEGSGFNIVLVKDGVLYTPDRGVLQGITRKSVFDAARACGIEVRLEFVPVELAYNADEIFMSTTAGGIMPITSLDGKPVNGGQVGPVTKAIWDTYWAMHYDPVYSFQIDYDGVQKSGVNGLGKL,0.228772605
MTSMQKVFAGYAARQAVLEASNDPFAKGIAWIEGEYVPLAEARIPLLDQGFMRSDLTYDVPSVWDGRFFRLDDHLTRLEVSCDKLRLKVPLPRDEVKRILVDMVAKSGIRDAHVCLIVTRGLKGVRGTKPEDIVNRLYMFIQPYVWVMEPEMQHTGGSAIVARTVRRVPPGAIDPTIKNLQWGDLVRGMFEASDRGATCPFLTDGDAHLTEGSGFNIVLVKDGVLYTPDRGVLQGITRKSVFDAARACGIEVRLEFVPVELAYNADEIFMSTTAGGIMPITSLDGKPVNGGQVGPVTKAIWDTYWAMHYDPVYSFQIDYDGVQKSGVNGLGKL,0.193232359
MTSMQKVFAGYAARQAVLEASNDPFAKGIAWIEGEYVPLAEARIPLLDQGFMRSDLTYDVPSVWDGRFFRLDDHLTRLEVSCDKLRLKVPLPRDEVKRILVDMVAKSGIRDAHVCLIVTRGLKGVRGTKPEDIVNRLYMFIQPYVWVMEPEMQHTGGSAIVARTVRRVPPGAIDPTIKNLQWGDLVRGMFEASDRGATDPFLTDGDAHLTEGSGFNIVLVKDGVLYTPDRGVLQGITRKSVFDAARACGIEVRLEFVPVELAYNADEIFMSTTAGGIMPITSLDGKPVNGGQVGPVTKAIWDTYWAMHYDPVYSFQIDYDGVQKSGVNGLGKL,0.039997974
MTSMQKVFAGYAARQAVLEASNDPFAKGIAWIEGEYVPLAEARIPLLDQGFMRSDLTYDVPSVWDGRFFRLDDHLTRLEVSCDKLRLKVPLPRDEVKRILVDMVAKSGIRDAHVCLIVTRGLKGVRGTKPEDIVNRLYMFIQPYVWVMEPEMQHTGGSAIVARTVRRVPPGAIDPTIKNLQWGDLVRGMFEASDRGATEPFLTDGDAHLTEGSGFNIVLVKDGVLYTPDRGVLQGITRKSVFDAARACGIEVRLEFVPVELAYNADEIFMSTTAGGIMPITSLDGKPVNGGQVGPVTKAIWDTYWAMHYDPVYSFQIDYDGVQKSGVNGLGKL,0.045813282
MTSMQKVFAGYAARQAVLEASNDPFAKGIAWIEGEYVPLAEARIPLLDQGFMRSDLTYDVPSVWDGRFFRLDDHLTRLEVSCDKLRLKVPLPRDEVKRILVDMVAKSGIRDAHVCLIVTRGLKGVRGTKPEDIVNRLYMFIQPYVWVMEPEMQHTGGSAIVARTVRRVPPGAIDPTIKNLQWGDLVRGMFEASDRGATFPFLTDGDAHLTEGSGFNIVLVKDGVLYTPDRGVLQGITRKSVFDAARACGIEVRLEFVPVELAYNADEIFMSTTAGGIMPITSLDGKPVNGGQVGPVTKAIWDTYWAMHYDPVYSFQIDYDGVQKSGVNGLGKL,0.055665873
MTSMQKVFAGYAARQAVLEASNDPFAKGIAWIEGEYVPLAEARIPLLDQGFMRSDLTYDVPSVWDGRFFRLDDHLTRLEVSCDKLRLKVPLPRDEVKRILVDMVAKSGIRDAHVCLIVTRGLKGVRGTKPEDIVNRLYMFIQPYVWVMEPEMQHTGGSAIVARTVRRVPPGAIDPTIKNLQWGDLVRGMFEASDRGATGPFLTDGDAHLTEGSGFNIVLVKDGVLYTPDRGVLQGITRKSVFDAARACGIEVRLEFVPVELAYNADEIFMSTTAGGIMPITSLDGKPVNGGQVGPVTKAIWDTYWAMHYDPVYSFQIDYDGVQKSGVNGLGKL,0.016285902
MTSMQKVFAGYAARQAVLEASNDPFAKGIAWIEGEYVPLAEARIPLLDQGFMRSDLTYDVPSVWDGRFFRLDDHLTRLEVSCDKLRLKVPLPRDEVKRILVDMVAKSGIRDAHVCLIVTRGLKGVRGTKPEDIVNRLYMFIQPYVWVMEPEMQHTGGSAIVARTVRRVPPGAIDPTIKNLQWGDLVRGMFEASDRGATHPFLTDGDAHLTEGSGFNIVLVKDGVLYTPDRGVLQGITRKSVFDAARACGIEVRLEFVPVELAYNADEIFMSTTAGGIMPITSLDGKPVNGGQVGPVTKAIWDTYWAMHYDPVYSFQIDYDGVQKSGVNGLGKL,0.520961451
MTSMQKVFAGYAARQAVLEASNDPFAKGIAWIEGEYVPLAEARIPLLDQGFMRSDLTYDVPSVWDGRFFRLDDHLTRLEVSCDKLRLKVPLPRDEVKRILVDMVAKSGIRDAHVCLIVTRGLKGVRGTKPEDIVNRLYMFIQPYVWVMEPEMQHTGGSAIVARTVRRVPPGAIDPTIKNLQWGDLVRGMFEASDRGATIPFLTDGDAHLTEGSGFNIVLVKDGVLYTPDRGVLQGITRKSVFDAARACGIEVRLEFVPVELAYNADEIFMSTTAGGIMPITSLDGKPVNGGQVGPVTKAIWDTYWAMHYDPVYSFQIDYDGVQKSGVNGLGKL,0.122025227
MTSMQKVFAGYAARQAVLEASNDPFAKGIAWIEGEYVPLAEARIPLLDQGFMRSDLTYDVPSVWDGRFFRLDDHLTRLEVSCDKLRLKVPLPRDEVKRILVDMVAKSGIRDAHVCLIVTRGLKGVRGTKPEDIVNRLYMFIQPYVWVMEPEMQHTGGSAIVARTVRRVPPGAIDPTIKNLQWGDLVRGMFEASDRGATKPFLTDGDAHLTEGSGFNIVLVKDGVLYTPDRGVLQGITRKSVFDAARACGIEVRLEFVPVELAYNADEIFMSTTAGGIMPITSLDGKPVNGGQVGPVTKAIWDTYWAMHYDPVYSFQIDYDGVQKSGVNGLGKL,0.009340966
MTSMQKVFAGYAARQAVLEASNDPFAKGIAWIEGEYVPLAEARIPLLDQGFMRSDLTYDVPSVWDGRFFRLDDHLTRLEVSCDKLRLKVPLPRDEVKRILVDMVAKSGIRDAHVCLIVTRGLKGVRGTKPEDIVNRLYMFIQPYVWVMEPEMQHTGGSAIVARTVRRVPPGAIDPTIKNLQWGDLVRGMFEASDRGATLPFLTDGDAHLTEGSGFNIVLVKDGVLYTPDRGVLQGITRKSVFDAARACGIEVRLEFVPVELAYNADEIFMSTTAGGIMPITSLDGKPVNGGQVGPVTKAIWDTYWAMHYDPVYSFQIDYDGVQKSGVNGLGKL,0.001367712
MTSMQKVFAGYAARQAVLEASNDPFAKGIAWIEGEYVPLAEARIPLLDQGFMRSDLTYDVPSVWDGRFFRLDDHLTRLEVSCDKLRLKVPLPRDEVKRILVDMVAKSGIRDAHVCLIVTRGLKGVRGTKPEDIVNRLYMFIQPYVWVMEPEMQHTGGSAIVARTVRRVPPGAIDPTIKNLQWGDLVRGMFEASDRGATMPFLTDGDAHLTEGSGFNIVLVKDGVLYTPDRGVLQGITRKSVFDAARACGIEVRLEFVPVELAYNADEIFMSTTAGGIMPITSLDGKPVNGGQVGPVTKAIWDTYWAMHYDPVYSFQIDYDGVQKSGVNGLGKL,0.142713135
MTSMQKVFAGYAARQAVLEASNDPFAKGIAWIEGEYVPLAEARIPLLDQGFMRSDLTYDVPSVWDGRFFRLDDHLTRLEVSCDKLRLKVPLPRDEVKRILVDMVAKSGIRDAHVCLIVTRGLKGVRGTKPEDIVNRLYMFIQPYVWVMEPEMQHTGGSAIVARTVRRVPPGAIDPTIKNLQWGDLVRGMFEASDRGATNPFLTDGDAHLTEGSGFNIVLVKDGVLYTPDRGVLQGITRKSVFDAARACGIEVRLEFVPVELAYNADEIFMSTTAGGIMPITSLDGKPVNGGQVGPVTKAIWDTYWAMHYDPVYSFQIDYDGVQKSGVNGLGKL,0.124552961
MTSMQKVFAGYAARQAVLEASNDPFAKGIAWIEGEYVPLAEARIPLLDQGFMRSDLTYDVPSVWDGRFFRLDDHLTRLEVSCDKLRLKVPLPRDEVKRILVDMVAKSGIRDAHVCLIVTRGLKGVRGTKPEDIVNRLYMFIQPYVWVMEPEMQHTGGSAIVARTVRRVPPGAIDPTIKNLQWGDLVRGMFEASDRGATPPFLTDGDAHLTEGSGFNIVLVKDGVLYTPDRGVLQGITRKSVFDAARACGIEVRLEFVPVELAYNADEIFMSTTAGGIMPITSLDGKPVNGGQVGPVTKAIWDTYWAMHYDPVYSFQIDYDGVQKSGVNGLGKL,0.017040677
MTSMQKVFAGYAARQAVLEASNDPFAKGIAWIEGEYVPLAEARIPLLDQGFMRSDLTYDVPSVWDGRFFRLDDHLTRLEVSCDKLRLKVPLPRDEVKRILVDMVAKSGIRDAHVCLIVTRGLKGVRGTKPEDIVNRLYMFIQPYVWVMEPEMQHTGGSAIVARTVRRVPPGAIDPTIKNLQWGDLVRGMFEASDRGATQPFLTDGDAHLTEGSGFNIVLVKDGVLYTPDRGVLQGITRKSVFDAARACGIEVRLEFVPVELAYNADEIFMSTTAGGIMPITSLDGKPVNGGQVGPVTKAIWDTYWAMHYDPVYSFQIDYDGVQKSGVNGLGKL,0.20414366
MTSMQKVFAGYAARQAVLEASNDPFAKGIAWIEGEYVPLAEARIPLLDQGFMRSDLTYDVPSVWDGRFFRLDDHLTRLEVSCDKLRLKVPLPRDEVKRILVDMVAKSGIRDAHVCLIVTRGLKGVRGTKPEDIVNRLYMFIQPYVWVMEPEMQHTGGSAIVARTVRRVPPGAIDPTIKNLQWGDLVRGMFEASDRGATRPFLTDGDAHLTEGSGFNIVLVKDGVLYTPDRGVLQGITRKSVFDAARACGIEVRLEFVPVELAYNADEIFMSTTAGGIMPITSLDGKPVNGGQVGPVTKAIWDTYWAMHYDPVYSFQIDYDGVQKSGVNGLGKL,0.005475913
MTSMQKVFAGYAARQAVLEASNDPFAKGIAWIEGEYVPLAEARIPLLDQGFMRSDLTYDVPSVWDGRFFRLDDHLTRLEVSCDKLRLKVPLPRDEVKRILVDMVAKSGIRDAHVCLIVTRGLKGVRGTKPEDIVNRLYMFIQPYVWVMEPEMQHTGGSAIVARTVRRVPPGAIDPTIKNLQWGDLVRGMFEASDRGATSPFLTDGDAHLTEGSGFNIVLVKDGVLYTPDRGVLQGITRKSVFDAARACGIEVRLEFVPVELAYNADEIFMSTTAGGIMPITSLDGKPVNGGQVGPVTKAIWDTYWAMHYDPVYSFQIDYDGVQKSGVNGLGKL,0.141801327
MTSMQKVFAGYAARQAVLEASNDPFAKGIAWIEGEYVPLAEARIPLLDQGFMRSDLTYDVPSVWDGRFFRLDDHLTRLEVSCDKLRLKVPLPRDEVKRILVDMVAKSGIRDAHVCLIVTRGLKGVRGTKPEDIVNRLYMFIQPYVWVMEPEMQHTGGSAIVARTVRRVPPGAIDPTIKNLQWGDLVRGMFEASDRGATTPFLTDGDAHLTEGSGFNIVLVKDGVLYTPDRGVLQGITRKSVFDAARACGIEVRLEFVPVELAYNADEIFMSTTAGGIMPITSLDGKPVNGGQVGPVTKAIWDTYWAMHYDPVYSFQIDYDGVQKSGVNGLGKL,0.133174611
MTSMQKVFAGYAARQAVLEASNDPFAKGIAWIEGEYVPLAEARIPLLDQGFMRSDLTYDVPSVWDGRFFRLDDHLTRLEVSCDKLRLKVPLPRDEVKRILVDMVAKSGIRDAHVCLIVTRGLKGVRGTKPEDIVNRLYMFIQPYVWVMEPEMQHTGGSAIVARTVRRVPPGAIDPTIKNLQWGDLVRGMFEASDRGATVPFLTDGDAHLTEGSGFNIVLVKDGVLYTPDRGVLQGITRKSVFDAARACGIEVRLEFVPVELAYNADEIFMSTTAGGIMPITSLDGKPVNGGQVGPVTKAIWDTYWAMHYDPVYSFQIDYDGVQKSGVNGLGKL,0.497705283
MTSMQKVFAGYAARQAVLEASNDPFAKGIAWIEGEYVPLAEARIPLLDQGFMRSDLTYDVPSVWDGRFFRLDDHLTRLEVSCDKLRLKVPLPRDEVKRILVDMVAKSGIRDAHVCLIVTRGLKGVRGTKPEDIVNRLYMFIQPYVWVMEPEMQHTGGSAIVARTVRRVPPGAIDPTIKNLQWGDLVRGMFEASDRGATWPFLTDGDAHLTEGSGFNIVLVKDGVLYTPDRGVLQGITRKSVFDAARACGIEVRLEFVPVELAYNADEIFMSTTAGGIMPITSLDGKPVNGGQVGPVTKAIWDTYWAMHYDPVYSFQIDYDGVQKSGVNGLGKL,0.096600983
MTSMQKVFAGYAARQAVLEASNDPFAKGIAWIEGEYVPLAEARIPLLDQGFMRSDLTYDVPSVWDGRFFRLDDHLTRLEVSCDKLRLKVPLPRDEVKRILVDMVAKSGIRDAHVCLIVTRGLKGVRGTKPEDIVNRLYMFIQPYVWVMEPEMQHTGGSAIVARTVRRVPPGAIDPTIKNLQWGDLVRGMFEASDRGATYPFLTDGDAHLTEGSGFNIVLVKDGVLYTPDRGVLQGITRKSVFDAARACGIEVRLEFVPVELAYNADEIFMSATAGGIMPITSLDGKPVNGGQVGPVTKAIWDTYWAMHYDPVYSFQIDYDGVQKSGVNGLGKL,0.045894332
MTSMQKVFAGYAARQAVLEASNDPFAKGIAWIEGEYVPLAEARIPLLDQGFMRSDLTYDVPSVWDGRFFRLDDHLTRLEVSCDKLRLKVPLPRDEVKRILVDMVAKSGIRDAHVCLIVTRGLKGVRGTKPEDIVNRLYMFIQPYVWVMEPEMQHTGGSAIVARTVRRVPPGAIDPTIKNLQWGDLVRGMFEASDRGATYPFLTDGDAHLTEGSGFNIVLVKDGVLYTPDRGVLQGITRKSVFDAARACGIEVRLEFVPVELAYNADEIFMSCTAGGIMPITSLDGKPVNGGQVGPVTKAIWDTYWAMHYDPVYSFQIDYDGVQKSGVNGLGKL,0.059763943
MTSMQKVFAGYAARQAVLEASNDPFAKGIAWIEGEYVPLAEARIPLLDQGFMRSDLTYDVPSVWDGRFFRLDDHLTRLEVSCDKLRLKVPLPRDEVKRILVDMVAKSGIRDAHVCLIVTRGLKGVRGTKPEDIVNRLYMFIQPYVWVMEPEMQHTGGSAIVARTVRRVPPGAIDPTIKNLQWGDLVRGMFEASDRGATYPFLTDGDAHLTEGSGFNIVLVKDGVLYTPDRGVLQGITRKSVFDAARACGIEVRLEFVPVELAYNADEIFMSDTAGGIMPITSLDGKPVNGGQVGPVTKAIWDTYWAMHYDPVYSFQIDYDGVQKSGVNGLGKL,0.002806342
MTSMQKVFAGYAARQAVLEASNDPFAKGIAWIEGEYVPLAEARIPLLDQGFMRSDLTYDVPSVWDGRFFRLDDHLTRLEVSCDKLRLKVPLPRDEVKRILVDMVAKSGIRDAHVCLIVTRGLKGVRGTKPEDIVNRLYMFIQPYVWVMEPEMQHTGGSAIVARTVRRVPPGAIDPTIKNLQWGDLVRGMFEASDRGATYPFLTDGDAHLTEGSGFNIVLVKDGVLYTPDRGVLQGITRKSVFDAARACGIEVRLEFVPVELAYNADEIFMSETAGGIMPITSLDGKPVNGGQVGPVTKAIWDTYWAMHYDPVYSFQIDYDGVQKSGVNGLGKL,0
MTSMQKVFAGYAARQAVLEASNDPFAKGIAWIEGEYVPLAEARIPLLDQGFMRSDLTYDVPSVWDGRFFRLDDHLTRLEVSCDKLRLKVPLPRDEVKRILVDMVAKSGIRDAHVCLIVTRGLKGVRGTKPEDIVNRLYMFIQPYVWVMEPEMQHTGGSAIVARTVRRVPPGAIDPTIKNLQWGDLVRGMFEASDRGATYPFLTDGDAHLTEGSGFNIVLVKDGVLYTPDRGVLQGITRKSVFDAARACGIEVRLEFVPVELAYNADEIFMSFTAGGIMPITSLDGKPVNGGQVGPVTKAIWDTYWAMHYDPVYSFQIDYDGVQKSGVNGLGKL,0.019451902
MTSMQKVFAGYAARQAVLEASNDPFAKGIAWIEGEYVPLAEARIPLLDQGFMRSDLTYDVPSVWDGRFFRLDDHLTRLEVSCDKLRLKVPLPRDEVKRILVDMVAKSGIRDAHVCLIVTRGLKGVRGTKPEDIVNRLYMFIQPYVWVMEPEMQHTGGSAIVARTVRRVPPGAIDPTIKNLQWGDLVRGMFEASDRGATYPFLTDGDAHLTEGSGFNIVLVKDGVLYTPDRGVLQGITRKSVFDAARACGIEVRLEFVPVELAYNADEIFMSGTAGGIMPITSLDGKPVNGGQVGPVTKAIWDTYWAMHYDPVYSFQIDYDGVQKSGVNGLGKL,0.277954511
MTSMQKVFAGYAARQAVLEASNDPFAKGIAWIEGEYVPLAEARIPLLDQGFMRSDLTYDVPSVWDGRFFRLDDHLTRLEVSCDKLRLKVPLPRDEVKRILVDMVAKSGIRDAHVCLIVTRGLKGVRGTKPEDIVNRLYMFIQPYVWVMEPEMQHTGGSAIVARTVRRVPPGAIDPTIKNLQWGDLVRGMFEASDRGATYPFLTDGDAHLTEGSGFNIVLVKDGVLYTPDRGVLQGITRKSVFDAARACGIEVRLEFVPVELAYNADEIFMSHTAGGIMPITSLDGKPVNGGQVGPVTKAIWDTYWAMHYDPVYSFQIDYDGVQKSGVNGLGKL,0.00338382
MTSMQKVFAGYAARQAVLEASNDPFAKGIAWIEGEYVPLAEARIPLLDQGFMRSDLTYDVPSVWDGRFFRLDDHLTRLEVSCDKLRLKVPLPRDEVKRILVDMVAKSGIRDAHVCLIVTRGLKGVRGTKPEDIVNRLYMFIQPYVWVMEPEMQHTGGSAIVARTVRRVPPGAIDPTIKNLQWGDLVRGMFEASDRGATYPFLTDGDAHLTEGSGFNIVLVKDGVLYTPDRGVLQGITRKSVFDAARACGIEVRLEFVPVELAYNADEIFMSITAGGIMPITSLDGKPVNGGQVGPVTKAIWDTYWAMHYDPVYSFQIDYDGVQKSGVNGLGKL,0.00857606
MTSMQKVFAGYAARQAVLEASNDPFAKGIAWIEGEYVPLAEARIPLLDQGFMRSDLTYDVPSVWDGRFFRLDDHLTRLEVSCDKLRLKVPLPRDEVKRILVDMVAKSGIRDAHVCLIVTRGLKGVRGTKPEDIVNRLYMFIQPYVWVMEPEMQHTGGSAIVARTVRRVPPGAIDPTIKNLQWGDLVRGMFEASDRGATYPFLTDGDAHLTEGSGFNIVLVKDGVLYTPDRGVLQGITRKSVFDAARACGIEVRLEFVPVELAYNADEIFMSKTAGGIMPITSLDGKPVNGGQVGPVTKAIWDTYWAMHYDPVYSFQIDYDGVQKSGVNGLGKL,0.003019097
MTSMQKVFAGYAARQAVLEASNDPFAKGIAWIEGEYVPLAEARIPLLDQGFMRSDLTYDVPSVWDGRFFRLDDHLTRLEVSCDKLRLKVPLPRDEVKRILVDMVAKSGIRDAHVCLIVTRGLKGVRGTKPEDIVNRLYMFIQPYVWVMEPEMQHTGGSAIVARTVRRVPPGAIDPTIKNLQWGDLVRGMFEASDRGATYPFLTDGDAHLTEGSGFNIVLVKDGVLYTPDRGVLQGITRKSVFDAARACGIEVRLEFVPVELAYNADEIFMSLTAGGIMPITSLDGKPVNGGQVGPVTKAIWDTYWAMHYDPVYSFQIDYDGVQKSGVNGLGKL,0.002902589
MTSMQKVFAGYAARQAVLEASNDPFAKGIAWIEGEYVPLAEARIPLLDQGFMRSDLTYDVPSVWDGRFFRLDDHLTRLEVSCDKLRLKVPLPRDEVKRILVDMVAKSGIRDAHVCLIVTRGLKGVRGTKPEDIVNRLYMFIQPYVWVMEPEMQHTGGSAIVARTVRRVPPGAIDPTIKNLQWGDLVRGMFEASDRGATYPFLTDGDAHLTEGSGFNIVLVKDGVLYTPDRGVLQGITRKSVFDAARACGIEVRLEFVPVELAYNADEIFMSMTAGGIMPITSLDGKPVNGGQVGPVTKAIWDTYWAMHYDPVYSFQIDYDGVQKSGVNGLGKL,0.028012765
MTSMQKVFAGYAARQAVLEASNDPFAKGIAWIEGEYVPLAEARIPLLDQGFMRSDLTYDVPSVWDGRFFRLDDHLTRLEVSCDKLRLKVPLPRDEVKRILVDMVAKSGIRDAHVCLIVTRGLKGVRGTKPEDIVNRLYMFIQPYVWVMEPEMQHTGGSAIVARTVRRVPPGAIDPTIKNLQWGDLVRGMFEASDRGATYPFLTDGDAHLTEGSGFNIVLVKDGVLYTPDRGVLQGITRKSVFDAARACGIEVRLEFVPVELAYNADEIFMSNTAGGIMPITSLDGKPVNGGQVGPVTKAIWDTYWAMHYDPVYSFQIDYDGVQKSGVNGLGKL,0.031801834
MTSMQKVFAGYAARQAVLEASNDPFAKGIAWIEGEYVPLAEARIPLLDQGFMRSDLTYDVPSVWDGRFFRLDDHLTRLEVSCDKLRLKVPLPRDEVKRILVDMVAKSGIRDAHVCLIVTRGLKGVRGTKPEDIVNRLYMFIQPYVWVMEPEMQHTGGSAIVARTVRRVPPGAIDPTIKNLQWGDLVRGMFEASDRGATYPFLTDGDAHLTEGSGFNIVLVKDGVLYTPDRGVLQGITRKSVFDAARACGIEVRLEFVPVELAYNADEIFMSPTAGGIMPITSLDGKPVNGGQVGPVTKAIWDTYWAMHYDPVYSFQIDYDGVQKSGVNGLGKL,0.015171471
MTSMQKVFAGYAARQAVLEASNDPFAKGIAWIEGEYVPLAEARIPLLDQGFMRSDLTYDVPSVWDGRFFRLDDHLTRLEVSCDKLRLKVPLPRDEVKRILVDMVAKSGIRDAHVCLIVTRGLKGVRGTKPEDIVNRLYMFIQPYVWVMEPEMQHTGGSAIVARTVRRVPPGAIDPTIKNLQWGDLVRGMFEASDRGATYPFLTDGDAHLTEGSGFNIVLVKDGVLYTPDRGVLQGITRKSVFDAARACGIEVRLEFVPVELAYNADEIFMSQTAGGIMPITSLDGKPVNGGQVGPVTKAIWDTYWAMHYDPVYSFQIDYDGVQKSGVNGLGKL,0.000324198
MTSMQKVFAGYAARQAVLEASNDPFAKGIAWIEGEYVPLAEARIPLLDQGFMRSDLTYDVPSVWDGRFFRLDDHLTRLEVSCDKLRLKVPLPRDEVKRILVDMVAKSGIRDAHVCLIVTRGLKGVRGTKPEDIVNRLYMFIQPYVWVMEPEMQHTGGSAIVARTVRRVPPGAIDPTIKNLQWGDLVRGMFEASDRGATYPFLTDGDAHLTEGSGFNIVLVKDGVLYTPDRGVLQGITRKSVFDAARACGIEVRLEFVPVELAYNADEIFMSRTAGGIMPITSLDGKPVNGGQVGPVTKAIWDTYWAMHYDPVYSFQIDYDGVQKSGVNGLGKL,0.013195887
MTSMQKVFAGYAARQAVLEASNDPFAKGIAWIEGEYVPLAEARIPLLDQGFMRSDLTYDVPSVWDGRFFRLDDHLTRLEVSCDKLRLKVPLPRDEVKRILVDMVAKSGIRDAHVCLIVTRGLKGVRGTKPEDIVNRLYMFIQPYVWVMEPEMQHTGGSAIVARTVRRVPPGAIDPTIKNLQWGDLVRGMFEASDRGATYPFLTDGDAHLTEGSGFNIVLVKDGVLYTPDRGVLQGITRKSVFDAARACGIEVRLEFVPVELAYNADEIFMSSTAGGIMPITSLDGKPVNGGQVGPVTKAIWDTYWAMHYDPVYSFQIDYDGVQKSGVNGLGKL,0.855838103
MTSMQKVFAGYAARQAVLEASNDPFAKGIAWIEGEYVPLAEARIPLLDQGFMRSDLTYDVPSVWDGRFFRLDDHLTRLEVSCDKLRLKVPLPRDEVKRILVDMVAKSGIRDAHVCLIVTRGLKGVRGTKPEDIVNRLYMFIQPYVWVMEPEMQHTGGSAIVARTVRRVPPGAIDPTIKNLQWGDLVRGMFEASDRGATYPFLTDGDAHLTEGSGFNIVLVKDGVLYTPDRGVLQGITRKSVFDAARACGIEVRLEFVPVELAYNADEIFMSVTAGGIMPITSLDGKPVNGGQVGPVTKAIWDTYWAMHYDPVYSFQIDYDGVQKSGVNGLGKL,0.01622005
MTSMQKVFAGYAARQAVLEASNDPFAKGIAWIEGEYVPLAEARIPLLDQGFMRSDLTYDVPSVWDGRFFRLDDHLTRLEVSCDKLRLKVPLPRDEVKRILVDMVAKSGIRDAHVCLIVTRGLKGVRGTKPEDIVNRLYMFIQPYVWVMEPEMQHTGGSAIVARTVRRVPPGAIDPTIKNLQWGDLVRGMFEASDRGATYPFLTDGDAHLTEGSGFNIVLVKDGVLYTPDRGVLQGITRKSVFDAARACGIEVRLEFVPVELAYNADEIFMSWTAGGIMPITSLDGKPVNGGQVGPVTKAIWDTYWAMHYDPVYSFQIDYDGVQKSGVNGLGKL,0.013970923
MTSMQKVFAGYAARQAVLEASNDPFAKGIAWIEGEYVPLAEARIPLLDQGFMRSDLTYDVPSVWDGRFFRLDDHLTRLEVSCDKLRLKVPLPRDEVKRILVDMVAKSGIRDAHVCLIVTRGLKGVRGTKPEDIVNRLYMFIQPYVWVMEPEMQHTGGSAIVARTVRRVPPGAIDPTIKNLQWGDLVRGMFEASDRGATYPFLTDGDAHLTEGSGFNIVLVKDGVLYTPDRGVLQGITRKSVFDAARACGIEVRLEFVPVELAYNADEIFMSYTAGGIMPITSLDGKPVNGGQVGPVTKAIWDTYWAMHYDPVYSFQIDYDGVQKSGVNGLGKL,0.004569171
MTSMQKVFAGYAARQAVLEASNDPFAKGIAWIEGEYVPLAEARIPLLDQGFMRSDLTYDVPSVWDGRFFRLDDHLTRLEVSCDKLRLKVPLPRDEVKRILVDMVAKSGIRDAHVCLIVTRGLKGVRGTKPEDIVNRLYMFIQPYVWVMEPEMQHTGGSAIVARTVRRVPPGAIDPTIKNLQWGDLVRGMFEASDRGATYPFLTDGDAHLTEGSGFNIVLVKDGVLYTPDRGVLQGITRKSVFDAARACGIEVRLEFVPVELAYNADEIFMSTTAGGIMPITSLDGKPVNGGQVGPVTKAIWDTYWAMHYDPAYSFQIDYDGVQKSGVNGLGKL,0.496940378
MTSMQKVFAGYAARQAVLEASNDPFAKGIAWIEGEYVPLAEARIPLLDQGFMRSDLTYDVPSVWDGRFFRLDDHLTRLEVSCDKLRLKVPLPRDEVKRILVDMVAKSGIRDAHVCLIVTRGLKGVRGTKPEDIVNRLYMFIQPYVWVMEPEMQHTGGSAIVARTVRRVPPGAIDPTIKNLQWGDLVRGMFEASDRGATYPFLTDGDAHLTEGSGFNIVLVKDGVLYTPDRGVLQGITRKSVFDAARACGIEVRLEFVPVELAYNADEIFMSTTAGGIMPITSLDGKPVNGGQVGPVTKAIWDTYWAMHYDPCYSFQIDYDGVQKSGVNGLGKL,0.542297756
MTSMQKVFAGYAARQAVLEASNDPFAKGIAWIEGEYVPLAEARIPLLDQGFMRSDLTYDVPSVWDGRFFRLDDHLTRLEVSCDKLRLKVPLPRDEVKRILVDMVAKSGIRDAHVCLIVTRGLKGVRGTKPEDIVNRLYMFIQPYVWVMEPEMQHTGGSAIVARTVRRVPPGAIDPTIKNLQWGDLVRGMFEASDRGATYPFLTDGDAHLTEGSGFNIVLVKDGVLYTPDRGVLQGITRKSVFDAARACGIEVRLEFVPVELAYNADEIFMSTTAGGIMPITSLDGKPVNGGQVGPVTKAIWDTYWAMHYDPDYSFQIDYDGVQKSGVNGLGKL,0.463684717
MTSMQKVFAGYAARQAVLEASNDPFAKGIAWIEGEYVPLAEARIPLLDQGFMRSDLTYDVPSVWDGRFFRLDDHLTRLEVSCDKLRLKVPLPRDEVKRILVDMVAKSGIRDAHVCLIVTRGLKGVRGTKPEDIVNRLYMFIQPYVWVMEPEMQHTGGSAIVARTVRRVPPGAIDPTIKNLQWGDLVRGMFEASDRGATYPFLTDGDAHLTEGSGFNIVLVKDGVLYTPDRGVLQGITRKSVFDAARACGIEVRLEFVPVELAYNADEIFMSTTAGGIMPITSLDGKPVNGGQVGPVTKAIWDTYWAMHYDPEYSFQIDYDGVQKSGVNGLGKL,0.628195127
MTSMQKVFAGYAARQAVLEASNDPFAKGIAWIEGEYVPLAEARIPLLDQGFMRSDLTYDVPSVWDGRFFRLDDHLTRLEVSCDKLRLKVPLPRDEVKRILVDMVAKSGIRDAHVCLIVTRGLKGVRGTKPEDIVNRLYMFIQPYVWVMEPEMQHTGGSAIVARTVRRVPPGAIDPTIKNLQWGDLVRGMFEASDRGATYPFLTDGDAHLTEGSGFNIVLVKDGVLYTPDRGVLQGITRKSVFDAARACGIEVRLEFVPVELAYNADEIFMSTTAGGIMPITSLDGKPVNGGQVGPVTKAIWDTYWAMHYDPFYSFQIDYDGVQKSGVNGLGKL,0.461288689
MTSMQKVFAGYAARQAVLEASNDPFAKGIAWIEGEYVPLAEARIPLLDQGFMRSDLTYDVPSVWDGRFFRLDDHLTRLEVSCDKLRLKVPLPRDEVKRILVDMVAKSGIRDAHVCLIVTRGLKGVRGTKPEDIVNRLYMFIQPYVWVMEPEMQHTGGSAIVARTVRRVPPGAIDPTIKNLQWGDLVRGMFEASDRGATYPFLTDGDAHLTEGSGFNIVLVKDGVLYTPDRGVLQGITRKSVFDAARACGIEVRLEFVPVELAYNADEIFMSTTAGGIMPITSLDGKPVNGGQVGPVTKAIWDTYWAMHYDPGYSFQIDYDGVQKSGVNGLGKL,0.575604073
MTSMQKVFAGYAARQAVLEASNDPFAKGIAWIEGEYVPLAEARIPLLDQGFMRSDLTYDVPSVWDGRFFRLDDHLTRLEVSCDKLRLKVPLPRDEVKRILVDMVAKSGIRDAHVCLIVTRGLKGVRGTKPEDIVNRLYMFIQPYVWVMEPEMQHTGGSAIVARTVRRVPPGAIDPTIKNLQWGDLVRGMFEASDRGATYPFLTDGDAHLTEGSGFNIVLVKDGVLYTPDRGVLQGITRKSVFDAARACGIEVRLEFVPVELAYNADEIFMSTTAGGIMPITSLDGKPVNGGQVGPVTKAIWDTYWAMHYDPHYSFQIDYDGVQKSGVNGLGKL,0.499640342
MTSMQKVFAGYAARQAVLEASNDPFAKGIAWIEGEYVPLAEARIPLLDQGFMRSDLTYDVPSVWDGRFFRLDDHLTRLEVSCDKLRLKVPLPRDEVKRILVDMVAKSGIRDAHVCLIVTRGLKGVRGTKPEDIVNRLYMFIQPYVWVMEPEMQHTGGSAIVARTVRRVPPGAIDPTIKNLQWGDLVRGMFEASDRGATYPFLTDGDAHLTEGSGFNIVLVKDGVLYTPDRGVLQGITRKSVFDAARACGIEVRLEFVPVELAYNADEIFMSTTAGGIMPITSLDGKPVNGGQVGPVTKAIWDTYWAMHYDPIYSFQIDYDGVQKSGVNGLGKL,0.492001418
MTSMQKVFAGYAARQAVLEASNDPFAKGIAWIEGEYVPLAEARIPLLDQGFMRSDLTYDVPSVWDGRFFRLDDHLTRLEVSCDKLRLKVPLPRDEVKRILVDMVAKSGIRDAHVCLIVTRGLKGVRGTKPEDIVNRLYMFIQPYVWVMEPEMQHTGGSAIVARTVRRVPPGAIDPTIKNLQWGDLVRGMFEASDRGATYPFLTDGDAHLTEGSGFNIVLVKDGVLYTPDRGVLQGITRKSVFDAARACGIEVRLEFVPVELAYNADEIFMSTTAGGIMPITSLDGKPVNGGQVGPVTKAIWDTYWAMHYDPKYSFQIDYDGVQKSGVNGLGKL,0.553330632
MTSMQKVFAGYAARQAVLEASNDPFAKGIAWIEGEYVPLAEARIPLLDQGFMRSDLTYDVPSVWDGRFFRLDDHLTRLEVSCDKLRLKVPLPRDEVKRILVDMVAKSGIRDAHVCLIVTRGLKGVRGTKPEDIVNRLYMFIQPYVWVMEPEMQHTGGSAIVARTVRRVPPGAIDPTIKNLQWGDLVRGMFEASDRGATYPFLTDGDAHLTEGSGFNIVLVKDGVLYTPDRGVLQGITRKSVFDAARACGIEVRLEFVPVELAYNADEIFMSTTAGGIMPITSLDGKPVNGGQVGPVTKAIWDTYWAMHYDPLYSFQIDYDGVQKSGVNGLGKL,0.58335444
MTSMQKVFAGYAARQAVLEASNDPFAKGIAWIEGEYVPLAEARIPLLDQGFMRSDLTYDVPSVWDGRFFRLDDHLTRLEVSCDKLRLKVPLPRDEVKRILVDMVAKSGIRDAHVCLIVTRGLKGVRGTKPEDIVNRLYMFIQPYVWVMEPEMQHTGGSAIVARTVRRVPPGAIDPTIKNLQWGDLVRGMFEASDRGATYPFLTDGDAHLTEGSGFNIVLVKDGVLYTPDRGVLQGITRKSVFDAARACGIEVRLEFVPVELAYNADEIFMSTTAGGIMPITSLDGKPVNGGQVGPVTKAIWDTYWAMHYDPMYSFQIDYDGVQKSGVNGLGKL,0.540686895
MTSMQKVFAGYAARQAVLEASNDPFAKGIAWIEGEYVPLAEARIPLLDQGFMRSDLTYDVPSVWDGRFFRLDDHLTRLEVSCDKLRLKVPLPRDEVKRILVDMVAKSGIRDAHVCLIVTRGLKGVRGTKPEDIVNRLYMFIQPYVWVMEPEMQHTGGSAIVARTVRRVPPGAIDPTIKNLQWGDLVRGMFEASDRGATYPFLTDGDAHLTEGSGFNIVLVKDGVLYTPDRGVLQGITRKSVFDAARACGIEVRLEFVPVELAYNADEIFMSTTAGGIMPITSLDGKPVNGGQVGPVTKAIWDTYWAMHYDPNYSFQIDYDGVQKSGVNGLGKL,0.573562636
MTSMQKVFAGYAARQAVLEASNDPFAKGIAWIEGEYVPLAEARIPLLDQGFMRSDLTYDVPSVWDGRFFRLDDHLTRLEVSCDKLRLKVPLPRDEVKRILVDMVAKSGIRDAHVCLIVTRGLKGVRGTKPEDIVNRLYMFIQPYVWVMEPEMQHTGGSAIVARTVRRVPPGAIDPTIKNLQWGDLVRGMFEASDRGATYPFLTDGDAHLTEGSGFNIVLVKDGVLYTPDRGVLQGITRKSVFDAARACGIEVRLEFVPVELAYNADEIFMSTTAGGIMPITSLDGKPVNGGQVGPVTKAIWDTYWAMHYDPPYSFQIDYDGVQKSGVNGLGKL,0.375568614
MTSMQKVFAGYAARQAVLEASNDPFAKGIAWIEGEYVPLAEARIPLLDQGFMRSDLTYDVPSVWDGRFFRLDDHLTRLEVSCDKLRLKVPLPRDEVKRILVDMVAKSGIRDAHVCLIVTRGLKGVRGTKPEDIVNRLYMFIQPYVWVMEPEMQHTGGSAIVARTVRRVPPGAIDPTIKNLQWGDLVRGMFEASDRGATYPFLTDGDAHLTEGSGFNIVLVKDGVLYTPDRGVLQGITRKSVFDAARACGIEVRLEFVPVELAYNADEIFMSTTAGGIMPITSLDGKPVNGGQVGPVTKAIWDTYWAMHYDPQYSFQIDYDGVQKSGVNGLGKL,0.613722709
MTSMQKVFAGYAARQAVLEASNDPFAKGIAWIEGEYVPLAEARIPLLDQGFMRSDLTYDVPSVWDGRFFRLDDHLTRLEVSCDKLRLKVPLPRDEVKRILVDMVAKSGIRDAHVCLIVTRGLKGVRGTKPEDIVNRLYMFIQPYVWVMEPEMQHTGGSAIVARTVRRVPPGAIDPTIKNLQWGDLVRGMFEASDRGATYPFLTDGDAHLTEGSGFNIVLVKDGVLYTPDRGVLQGITRKSVFDAARACGIEVRLEFVPVELAYNADEIFMSTTAGGIMPITSLDGKPVNGGQVGPVTKAIWDTYWAMHYDPRYSFQIDYDGVQKSGVNGLGKL,0.508925586
MTSMQKVFAGYAARQAVLEASNDPFAKGIAWIEGEYVPLAEARIPLLDQGFMRSDLTYDVPSVWDGRFFRLDDHLTRLEVSCDKLRLKVPLPRDEVKRILVDMVAKSGIRDAHVCLIVTRGLKGVRGTKPEDIVNRLYMFIQPYVWVMEPEMQHTGGSAIVARTVRRVPPGAIDPTIKNLQWGDLVRGMFEASDRGATYPFLTDGDAHLTEGSGFNIVLVKDGVLYTPDRGVLQGITRKSVFDAARACGIEVRLEFVPVELAYNADEIFMSTTAGGIMPITSLDGKPVNGGQVGPVTKAIWDTYWAMHYDPSYSFQIDYDGVQKSGVNGLGKL,0.54765716
MTSMQKVFAGYAARQAVLEASNDPFAKGIAWIEGEYVPLAEARIPLLDQGFMRSDLTYDVPSVWDGRFFRLDDHLTRLEVSCDKLRLKVPLPRDEVKRILVDMVAKSGIRDAHVCLIVTRGLKGVRGTKPEDIVNRLYMFIQPYVWVMEPEMQHTGGSAIVARTVRRVPPGAIDPTIKNLQWGDLVRGMFEASDRGATYPFLTDGDAHLTEGSGFNIVLVKDGVLYTPDRGVLQGITRKSVFDAARACGIEVRLEFVPVELAYNADEIFMSTTAGGIMPITSLDGKPVNGGQVGPVTKAIWDTYWAMHYDPTYSFQIDYDGVQKSGVNGLGKL,0.56544248
MTSMQKVFAGYAARQAVLEASNDPFAKGIAWIEGEYVPLAEARIPLLDQGFMRSDLTYDVPSVWDGRFFRLDDHLTRLEVSCDKLRLKVPLPRDEVKRILVDMVAKSGIRDAHVCLIVTRGLKGVRGTKPEDIVNRLYMFIQPYVWVMEPEMQHTGGSAIVARTVRRVPPGAIDPTIKNLQWGDLVRGMFEASDRGATYPFLTDGDAHLTEGSGFNIVLVKDGVLYTPDRGVLQGITRKSVFDAARACGIEVRLEFVPVELAYNADEIFMSTTAGGIMPITSLDGKPVNGGQVGPVTKAIWDTYWAMHYDPWYSFQIDYDGVQKSGVNGLGKL,0.491768401
MTSMQKVFAGYAARQAVLEASNDPFAKGIAWIEGEYVPLAEARIPLLDQGFMRSDLTYDVPSVWDGRFFRLDDHLTRLEVSCDKLRLKVPLPRDEVKRILVDMVAKSGIRDAHVCLIVTRGLKGVRGTKPEDIVNRLYMFIQPYVWVMEPEMQHTGGSAIVARTVRRVPPGAIDPTIKNLQWGDLVRGMFEASDRGATYPFLTDGDAHLTEGSGFNIVLVKDGVLYTPDRGVLQGITRKSVFDAARACGIEVRLEFVPVELAYNADEIFMSTTAGGIMPITSLDGKPVNGGQVGPVTKAIWDTYWAMHYDPYYSFQIDYDGVQKSGVNGLGKL,0.532723773
MTSMQKVFAGYAARQAVLEASNDPFAKGIAWIEGEYVPLAEARIPLLDQGFMRSDLTYDVPSVWDGRFFRLDDHLTRLEVSCDKLRLKVPLPRDEVKRILVDMVAKSGIRDAHVCLIVTRGLKGVRGTKPEDIVNRLYMFIQPYVWVMEPEMQHTGGSAIVARTVRRVPPGAIDPTIKNLQWGDLVRGMFEASDRGATYPFLTDGDAHLTEGSGFNIVLVKDGVLYTPDRGVLQGITRKSVFDAARACGIEVRLEFVPVELAYNADEIFMSTTAGGIMPITSLDGKPVNGGQVGPVTKAIWDTYWAMHYDPVYSFQIDYDGVQKAGVNGLGKL,0.545012917
MTSMQKVFAGYAARQAVLEASNDPFAKGIAWIEGEYVPLAEARIPLLDQGFMRSDLTYDVPSVWDGRFFRLDDHLTRLEVSCDKLRLKVPLPRDEVKRILVDMVAKSGIRDAHVCLIVTRGLKGVRGTKPEDIVNRLYMFIQPYVWVMEPEMQHTGGSAIVARTVRRVPPGAIDPTIKNLQWGDLVRGMFEASDRGATYPFLTDGDAHLTEGSGFNIVLVKDGVLYTPDRGVLQGITRKSVFDAARACGIEVRLEFVPVELAYNADEIFMSTTAGGIMPITSLDGKPVNGGQVGPVTKAIWDTYWAMHYDPVYSFQIDYDGVQKCGVNGLGKL,0.525505294
MTSMQKVFAGYAARQAVLEASNDPFAKGIAWIEGEYVPLAEARIPLLDQGFMRSDLTYDVPSVWDGRFFRLDDHLTRLEVSCDKLRLKVPLPRDEVKRILVDMVAKSGIRDAHVCLIVTRGLKGVRGTKPEDIVNRLYMFIQPYVWVMEPEMQHTGGSAIVARTVRRVPPGAIDPTIKNLQWGDLVRGMFEASDRGATYPFLTDGDAHLTEGSGFNIVLVKDGVLYTPDRGVLQGITRKSVFDAARACGIEVRLEFVPVELAYNADEIFMSTTAGGIMPITSLDGKPVNGGQVGPVTKAIWDTYWAMHYDPVYSFQIDYDGVQKDGVNGLGKL,0.516088344
MTSMQKVFAGYAARQAVLEASNDPFAKGIAWIEGEYVPLAEARIPLLDQGFMRSDLTYDVPSVWDGRFFRLDDHLTRLEVSCDKLRLKVPLPRDEVKRILVDMVAKSGIRDAHVCLIVTRGLKGVRGTKPEDIVNRLYMFIQPYVWVMEPEMQHTGGSAIVARTVRRVPPGAIDPTIKNLQWGDLVRGMFEASDRGATYPFLTDGDAHLTEGSGFNIVLVKDGVLYTPDRGVLQGITRKSVFDAARACGIEVRLEFVPVELAYNADEIFMSTTAGGIMPITSLDGKPVNGGQVGPVTKAIWDTYWAMHYDPVYSFQIDYDGVQKEGVNGLGKL,0.55382706
MTSMQKVFAGYAARQAVLEASNDPFAKGIAWIEGEYVPLAEARIPLLDQGFMRSDLTYDVPSVWDGRFFRLDDHLTRLEVSCDKLRLKVPLPRDEVKRILVDMVAKSGIRDAHVCLIVTRGLKGVRGTKPEDIVNRLYMFIQPYVWVMEPEMQHTGGSAIVARTVRRVPPGAIDPTIKNLQWGDLVRGMFEASDRGATYPFLTDGDAHLTEGSGFNIVLVKDGVLYTPDRGVLQGITRKSVFDAARACGIEVRLEFVPVELAYNADEIFMSTTAGGIMPITSLDGKPVNGGQVGPVTKAIWDTYWAMHYDPVYSFQIDYDGVQKFGVNGLGKL,0.522931969
MTSMQKVFAGYAARQAVLEASNDPFAKGIAWIEGEYVPLAEARIPLLDQGFMRSDLTYDVPSVWDGRFFRLDDHLTRLEVSCDKLRLKVPLPRDEVKRILVDMVAKSGIRDAHVCLIVTRGLKGVRGTKPEDIVNRLYMFIQPYVWVMEPEMQHTGGSAIVARTVRRVPPGAIDPTIKNLQWGDLVRGMFEASDRGATYPFLTDGDAHLTEGSGFNIVLVKDGVLYTPDRGVLQGITRKSVFDAARACGIEVRLEFVPVELAYNADEIFMSTTAGGIMPITSLDGKPVNGGQVGPVTKAIWDTYWAMHYDPVYSFQIDYDGVQKGGVNGLGKL,0.59023859
MTSMQKVFAGYAARQAVLEASNDPFAKGIAWIEGEYVPLAEARIPLLDQGFMRSDLTYDVPSVWDGRFFRLDDHLTRLEVSCDKLRLKVPLPRDEVKRILVDMVAKSGIRDAHVCLIVTRGLKGVRGTKPEDIVNRLYMFIQPYVWVMEPEMQHTGGSAIVARTVRRVPPGAIDPTIKNLQWGDLVRGMFEASDRGATYPFLTDGDAHLTEGSGFNIVLVKDGVLYTPDRGVLQGITRKSVFDAARACGIEVRLEFVPVELAYNADEIFMSTTAGGIMPITSLDGKPVNGGQVGPVTKAIWDTYWAMHYDPVYSFQIDYDGVQKHGVNGLGKL,0.526092903
MTSMQKVFAGYAARQAVLEASNDPFAKGIAWIEGEYVPLAEARIPLLDQGFMRSDLTYDVPSVWDGRFFRLDDHLTRLEVSCDKLRLKVPLPRDEVKRILVDMVAKSGIRDAHVCLIVTRGLKGVRGTKPEDIVNRLYMFIQPYVWVMEPEMQHTGGSAIVARTVRRVPPGAIDPTIKNLQWGDLVRGMFEASDRGATYPFLTDGDAHLTEGSGFNIVLVKDGVLYTPDRGVLQGITRKSVFDAARACGIEVRLEFVPVELAYNADEIFMSTTAGGIMPITSLDGKPVNGGQVGPVTKAIWDTYWAMHYDPVYSFQIDYDGVQKIGVNGLGKL,0.441537916
MTSMQKVFAGYAARQAVLEASNDPFAKGIAWIEGEYVPLAEARIPLLDQGFMRSDLTYDVPSVWDGRFFRLDDHLTRLEVSCDKLRLKVPLPRDEVKRILVDMVAKSGIRDAHVCLIVTRGLKGVRGTKPEDIVNRLYMFIQPYVWVMEPEMQHTGGSAIVARTVRRVPPGAIDPTIKNLQWGDLVRGMFEASDRGATYPFLTDGDAHLTEGSGFNIVLVKDGVLYTPDRGVLQGITRKSVFDAARACGIEVRLEFVPVELAYNADEIFMSTTAGGIMPITSLDGKPVNGGQVGPVTKAIWDTYWAMHYDPVYSFQIDYDGVQKKGVNGLGKL,0.023722203
MTSMQKVFAGYAARQAVLEASNDPFAKGIAWIEGEYVPLAEARIPLLDQGFMRSDLTYDVPSVWDGRFFRLDDHLTRLEVSCDKLRLKVPLPRDEVKRILVDMVAKSGIRDAHVCLIVTRGLKGVRGTKPEDIVNRLYMFIQPYVWVMEPEMQHTGGSAIVARTVRRVPPGAIDPTIKNLQWGDLVRGMFEASDRGATYPFLTDGDAHLTEGSGFNIVLVKDGVLYTPDRGVLQGITRKSVFDAARACGIEVRLEFVPVELAYNADEIFMSTTAGGIMPITSLDGKPVNGGQVGPVTKAIWDTYWAMHYDPVYSFQIDYDGVQKLGVNGLGKL,0.56332506
MTSMQKVFAGYAARQAVLEASNDPFAKGIAWIEGEYVPLAEARIPLLDQGFMRSDLTYDVPSVWDGRFFRLDDHLTRLEVSCDKLRLKVPLPRDEVKRILVDMVAKSGIRDAHVCLIVTRGLKGVRGTKPEDIVNRLYMFIQPYVWVMEPEMQHTGGSAIVARTVRRVPPGAIDPTIKNLQWGDLVRGMFEASDRGATYPFLTDGDAHLTEGSGFNIVLVKDGVLYTPDRGVLQGITRKSVFDAARACGIEVRLEFVPVELAYNADEIFMSTTAGGIMPITSLDGKPVNGGQVGPVTKAIWDTYWAMHYDPVYSFQIDYDGVQKMGVNGLGKL,0.549014741
MTSMQKVFAGYAARQAVLEASNDPFAKGIAWIEGEYVPLAEARIPLLDQGFMRSDLTYDVPSVWDGRFFRLDDHLTRLEVSCDKLRLKVPLPRDEVKRILVDMVAKSGIRDAHVCLIVTRGLKGVRGTKPEDIVNRLYMFIQPYVWVMEPEMQHTGGSAIVARTVRRVPPGAIDPTIKNLQWGDLVRGMFEASDRGATYPFLTDGDAHLTEGSGFNIVLVKDGVLYTPDRGVLQGITRKSVFDAARACGIEVRLEFVPVELAYNADEIFMSTTAGGIMPITSLDGKPVNGGQVGPVTKAIWDTYWAMHYDPVYSFQIDYDGVQKNGVNGLGKL,0.52378299
MTSMQKVFAGYAARQAVLEASNDPFAKGIAWIEGEYVPLAEARIPLLDQGFMRSDLTYDVPSVWDGRFFRLDDHLTRLEVSCDKLRLKVPLPRDEVKRILVDMVAKSGIRDAHVCLIVTRGLKGVRGTKPEDIVNRLYMFIQPYVWVMEPEMQHTGGSAIVARTVRRVPPGAIDPTIKNLQWGDLVRGMFEASDRGATYPFLTDGDAHLTEGSGFNIVLVKDGVLYTPDRGVLQGITRKSVFDAARACGIEVRLEFVPVELAYNADEIFMSTTAGGIMPITSLDGKPVNGGQVGPVTKAIWDTYWAMHYDPVYSFQIDYDGVQKPGVNGLGKL,0.480294818
MTSMQKVFAGYAARQAVLEASNDPFAKGIAWIEGEYVPLAEARIPLLDQGFMRSDLTYDVPSVWDGRFFRLDDHLTRLEVSCDKLRLKVPLPRDEVKRILVDMVAKSGIRDAHVCLIVTRGLKGVRGTKPEDIVNRLYMFIQPYVWVMEPEMQHTGGSAIVARTVRRVPPGAIDPTIKNLQWGDLVRGMFEASDRGATYPFLTDGDAHLTEGSGFNIVLVKDGVLYTPDRGVLQGITRKSVFDAARACGIEVRLEFVPVELAYNADEIFMSTTAGGIMPITSLDGKPVNGGQVGPVTKAIWDTYWAMHYDPVYSFQIDYDGVQKQGVNGLGKL,0.472686287
MTSMQKVFAGYAARQAVLEASNDPFAKGIAWIEGEYVPLAEARIPLLDQGFMRSDLTYDVPSVWDGRFFRLDDHLTRLEVSCDKLRLKVPLPRDEVKRILVDMVAKSGIRDAHVCLIVTRGLKGVRGTKPEDIVNRLYMFIQPYVWVMEPEMQHTGGSAIVARTVRRVPPGAIDPTIKNLQWGDLVRGMFEASDRGATYPFLTDGDAHLTEGSGFNIVLVKDGVLYTPDRGVLQGITRKSVFDAARACGIEVRLEFVPVELAYNADEIFMSTTAGGIMPITSLDGKPVNGGQVGPVTKAIWDTYWAMHYDPVYSFQIDYDGVQKRGVNGLGKL,0.472980092
MTSMQKVFAGYAARQAVLEASNDPFAKGIAWIEGEYVPLAEARIPLLDQGFMRSDLTYDVPSVWDGRFFRLDDHLTRLEVSCDKLRLKVPLPRDEVKRILVDMVAKSGIRDAHVCLIVTRGLKGVRGTKPEDIVNRLYMFIQPYVWVMEPEMQHTGGSAIVARTVRRVPPGAIDPTIKNLQWGDLVRGMFEASDRGATYPFLTDGDAHLTEGSGFNIVLVKDGVLYTPDRGVLQGITRKSVFDAARACGIEVRLEFVPVELAYNADEIFMSTTAGGIMPITSLDGKPVNGGQVGPVTKAIWDTYWAMHYDPVYSFQIDYDGVQKTGVNGLGKL,0.453578846
MTSMQKVFAGYAARQAVLEASNDPFAKGIAWIEGEYVPLAEARIPLLDQGFMRSDLTYDVPSVWDGRFFRLDDHLTRLEVSCDKLRLKVPLPRDEVKRILVDMVAKSGIRDAHVCLIVTRGLKGVRGTKPEDIVNRLYMFIQPYVWVMEPEMQHTGGSAIVARTVRRVPPGAIDPTIKNLQWGDLVRGMFEASDRGATYPFLTDGDAHLTEGSGFNIVLVKDGVLYTPDRGVLQGITRKSVFDAARACGIEVRLEFVPVELAYNADEIFMSTTAGGIMPITSLDGKPVNGGQVGPVTKAIWDTYWAMHYDPVYSFQIDYDGVQKVGVNGLGKL,0.484023099
MTSMQKVFAGYAARQAVLEASNDPFAKGIAWIEGEYVPLAEARIPLLDQGFMRSDLTYDVPSVWDGRFFRLDDHLTRLEVSCDKLRLKVPLPRDEVKRILVDMVAKSGIRDAHVCLIVTRGLKGVRGTKPEDIVNRLYMFIQPYVWVMEPEMQHTGGSAIVARTVRRVPPGAIDPTIKNLQWGDLVRGMFEASDRGATYPFLTDGDAHLTEGSGFNIVLVKDGVLYTPDRGVLQGITRKSVFDAARACGIEVRLEFVPVELAYNADEIFMSTTAGGIMPITSLDGKPVNGGQVGPVTKAIWDTYWAMHYDPVYSFQIDYDGVQKWGVNGLGKL,0.508439289
MTSMQKVFAGYAARQAVLEASNDPFAKGIAWIEGEYVPLAEARIPLLDQGFMRSDLTYDVPSVWDGRFFRLDDHLTRLEVSCDKLRLKVPLPRDEVKRILVDMVAKSGIRDAHVCLIVTRGLKGVRGTKPEDIVNRLYMFIQPYVWVMEPEMQHTGGSAIVARTVRRVPPGAIDPTIKNLQWGDLVRGMFEASDRGATYPFLTDGDAHLTEGSGFNIVLVKDGVLYTPDRGVLQGITRKSVFDAARACGIEVRLEFVPVELAYNADEIFMSTTAGGIMPITSLDGKPVNGGQVGPVTKAIWDTYWAMHYDPVYSFQIDYDGVQKYGVNGLGKL,0.472331695
MTSMQKVFAGYAARQAVLEASNDPFAKGIAWIEGEYVPLAEARIPLLDQGFMRSDLTYDVPSVWDGRFFRLDDHLTRLEVSCDKLRLKVPLPRDEVKRILVDMVAKSGIRDAHVCLIVTRGLKGVRGTKPEDIVNRLYMFIQPYVWVMEPEMQHTGGSAIVARTVRRVPPGAIDPTIKNLQWGDLVRGMFEASDRGATYPFLTDGDAHLTEGSGFNIVLVKDGVLYTPDRGVLQGITRKSVFDAARACGIEVRLEFVPVELAYNADEIFMSTTAGGIMPITSLDGKPVNGGQVGPVTKAIWDTYWAMHYDPVYSFQIDYDGVQKSGVNGLGKL,0.498085203
